Institute,Academic Program Name,Quota,Seat Type,Gender,Opening_R1,Closing_R1
"A.C.S. College of Engineering-Kambipura Mysore Road, Bengaluru","Aeronautical Engineering (4 Years, Bachelor of Technology)",GM,OPEN,Neutral,94757,94757
"A.C.S. College of Engineering-Kambipura Mysore Road, Bengaluru","Aerospace Engineering (4 Years, Bachelor of Technology)",GM,OPEN,Neutral,90119,90119
"A.C.S. College of Engineering-Kambipura Mysore Road, Bengaluru","Aerospace Engineering (4 Years, Bachelor of Technology)",KKR,OPEN,Neutral,80099,80099
"A.C.S. College of Engineering-Kambipura Mysore Road, Bengaluru","Artificial Intelligence & Machine Learning (4 Years, Bachelor of Technology)",GM,OPEN,Neutral,92733,92733
"A.C.S. College of Engineering-Kambipura Mysore Road, Bengaluru","Artificial Intelligence & Machine Learning (4 Years, Bachelor of Technology)",KKR,OPEN,Neutral,109748,109748
"A.C.S. College of Engineering-Kambipura Mysore Road, Bengaluru","Computer Science & Engineering (4 Years, Bachelor of Technology)",GM,OPEN,Neutral,104746,104746
"A.C.S. College of Engineering-Kambipura Mysore Road, Bengaluru","Computer Science & Engineering (4 Years, Bachelor of Technology)",KKR,OPEN,Neutral,84428,84428
"A.C.S. College of Engineering-Kambipura Mysore Road, Bengaluru","Computer Science & Engineering (Cyber Security) (4 Years, Bachelor of Technology)",GM,OPEN,Neutral,111502,111502
"A.C.S. College of Engineering-Kambipura Mysore Road, Bengaluru","Computer Science & Engineering (Data Science) (4 Years, Bachelor of Technology)",GM,OPEN,Neutral,111679,111679
"A.C.S. College of Engineering-Kambipura Mysore Road, Bengaluru","Computer Science & Engineering (IOT) (4 Years, Bachelor of Technology)",GM,OPEN,Neutral,106469,106469
"A.C.S. College of Engineering-Kambipura Mysore Road, Bengaluru","Electronics & Comm- unication Engineering (4 Years, Bachelor of Technology)",GM,OPEN,Neutral,110471,110471
"A.G.M Rural College of Engineering and Technology-Varur, Hubballi","Computer Science & Engineering (4 Years, Bachelor of Technology)",GM,OPEN,Neutral,87966,87966
"A.G.M Rural College of Engineering and Technology-Varur, Hubballi","Computer Science & Engineering (Artificial Intelligence & Machine Learning) (4 Years, Bachelor of Technology)",GM,OPEN,Neutral,101469,101469
"A.G.M Rural College of Engineering and Technology-Varur, Hubballi","Electronics & Comm- unication Engineering (4 Years, Bachelor of Technology)",GM,OPEN,Neutral,107183,107183
"AMC Engineering College-Bannerghatta Rd, Bengaluru","Aeronautical Engineering (4 Years, Bachelor of Technology)",GM,OPEN,Neutral,95021,95021
"AMC Engineering College-Bannerghatta Rd, Bengaluru","Aeronautical Engineering (4 Years, Bachelor of Technology)",KKR,OPEN,Neutral,101846,101846
"AMC Engineering College-Bannerghatta Rd, Bengaluru","Artificial Intelligence & Machine Learning (4 Years, Bachelor of Technology)",GM,OPEN,Neutral,109229,109229
"AMC Engineering College-Bannerghatta Rd, Bengaluru","Artificial Intelligence & Machine Learning (4 Years, Bachelor of Technology)",KKR,OPEN,Neutral,109296,109296
"AMC Engineering College-Bannerghatta Rd, Bengaluru","Civil Engineering (4 Years, Bachelor of Technology)",GM,OPEN,Neutral,107819,107819
"AMC Engineering College-Bannerghatta Rd, Bengaluru","Computer Science & Engineering (4 Years, Bachelor of Technology)",GM,OPEN,Neutral,109518,109518
"AMC Engineering College-Bannerghatta Rd, Bengaluru","Computer Science & Engineering (4 Years, Bachelor of Technology)",KKR,OPEN,Neutral,108388,108388
"AMC Engineering College-Bannerghatta Rd, Bengaluru","Computer Science & Engineering (Artificial Intelligence & Machine Learning) (4 Years, Bachelor of Technology)",GM,OPEN,Neutral,111096,111096
"AMC Engineering College-Bannerghatta Rd, Bengaluru","Computer Science & Engineering (Artificial Intelligence & Machine Learning) (4 Years, Bachelor of Technology)",KKR,OPEN,Neutral,92917,92917
"AMC Engineering College-Bannerghatta Rd, Bengaluru","Computer Science & Engineering (Data Science) (4 Years, Bachelor of Technology)",GM,OPEN,Neutral,100328,100328
"AMC Engineering College-Bannerghatta Rd, Bengaluru","Computer Science & Engineering (Data Science) (4 Years, Bachelor of Technology)",KKR,OPEN,Neutral,87495,87495
"AMC Engineering College-Bannerghatta Rd, Bengaluru","Electrical & Electronics Engineering (4 Years, Bachelor of Technology)",GM,OPEN,Neutral,108308,108308
"AMC Engineering College-Bannerghatta Rd, Bengaluru","Electronics & Comm- unication Engineering (4 Years, Bachelor of Technology)",GM,OPEN,Neutral,111162,111162
"AMC Engineering College-Bannerghatta Rd, Bengaluru","Electronics & Communicati on Engineering (4 Years, Bachelor of Technology)",GM,OPEN,Neutral,62066,62066
"AMC Engineering College-Bannerghatta Rd, Bengaluru","Electronics & Communication Engineering (4 Years, Bachelor of Technology)",GM,OPEN,Neutral,86980,86980
"AMC Engineering College-Bannerghatta Rd, Bengaluru","Electronics & Communication Engineering (4 Years, Bachelor of Technology)",KKR,OPEN,Neutral,69006,69006
"AMC Engineering College-Bannerghatta Rd, Bengaluru","Information Science & Engineering (4 Years, Bachelor of Technology)",GM,OPEN,Neutral,75402,75402
"AMC Engineering College-Bannerghatta Rd, Bengaluru","Mechanical Engineering (4 Years, Bachelor of Technology)",GM,OPEN,Neutral,103137,103137
"APS College of Engineering-Kanakapura Road, Bengaluru","Computer Science & Engineering (4 Years, Bachelor of Technology)",GM,OPEN,Neutral,110299,110299
"APS College of Engineering-Kanakapura Road, Bengaluru","Computer Science & Engineering (Artificial Intelligence & Machine Learning) (4 Years, Bachelor of Technology)",GM,OPEN,Neutral,94218,94218
"APS College of Engineering-Kanakapura Road, Bengaluru","Computer Science & Engineering (Cyber Security) (4 Years, Bachelor of Technology)",GM,OPEN,Neutral,106002,106002
"APS College of Engineering-Kanakapura Road, Bengaluru","Electronics & Comm- unication Engineering (4 Years, Bachelor of Technology)",GM,OPEN,Neutral,107673,107673
"APS College of Engineering-Kanakapura Road, Bengaluru","Information Science & Engineering (4 Years, Bachelor of Technology)",GM,OPEN,Neutral,111599,111599
"ATME College of Engineering-Bannur Road, Mysuru","Computer Science & Engineering (4 Years, Bachelor of Technology)",GM,OPEN,Neutral,105603,105603
"ATME College of Engineering-Bannur Road, Mysuru","Computer Science & Engineering (Artificial Intelligence & Machine Learning) (4 Years, Bachelor of Technology)",GM,OPEN,Neutral,99599,99599
"ATME College of Engineering-Bannur Road, Mysuru","Computer Science & Engineering (Cyber Security) (4 Years, Bachelor of Technology)",GM,OPEN,Neutral,89303,89303
"ATME College of Engineering-Bannur Road, Mysuru","Computer Science & Engineering (Data Science) (4 Years, Bachelor of Technology)",GM,OPEN,Neutral,101487,101487
"ATME College of Engineering-Bannur Road, Mysuru","Electronics & Comm- unication Engineering (4 Years, Bachelor of Technology)",GM,OPEN,Neutral,110767,110767
"Acharya Institute of Technology-Soladevanahalli, Bengaluru","Aeronautical Engineering (4 Years, Bachelor of Technology)",GM,OPEN,Neutral,104061,104061
"Acharya Institute of Technology-Soladevanahalli, Bengaluru","Aeronautical Engineering (4 Years, Bachelor of Technology)",KKR,OPEN,Neutral,97600,97600
"Acharya Institute of Technology-Soladevanahalli, Bengaluru","Artificial Intelligence & Machine Learning (4 Years, Bachelor of Technology)",GM,OPEN,Neutral,99107,99107
"Acharya Institute of Technology-Soladevanahalli, Bengaluru","Artificial Intelligence & Machine Learning (4 Years, Bachelor of Technology)",KKR,OPEN,Neutral,86498,86498
"Acharya Institute of Technology-Soladevanahalli, Bengaluru","Bio technology (4 Years, Bachelor of Technology)",GM,OPEN,Neutral,59900,59900
"Acharya Institute of Technology-Soladevanahalli, Bengaluru","Bio technology (4 Years, Bachelor of Technology)",KKR,OPEN,Neutral,94718,94718
"Acharya Institute of Technology-Soladevanahalli, Bengaluru","Bio- technology (4 Years, Bachelor of Technology)",GM,OPEN,Neutral,105937,105937
"Acharya Institute of Technology-Soladevanahalli, Bengaluru","Bio- technology (4 Years, Bachelor of Technology)",KKR,OPEN,Neutral,94718,94718
"Acharya Institute of Technology-Soladevanahalli, Bengaluru","Biotechnology (4 Years, Bachelor of Technology)",GM,OPEN,Neutral,83584,83584
"Acharya Institute of Technology-Soladevanahalli, Bengaluru","Civil Engineering (4 Years, Bachelor of Technology)",GM,OPEN,Neutral,90907,90907
"Acharya Institute of Technology-Soladevanahalli, Bengaluru","Computer Science & Engineering (4 Years, Bachelor of Technology)",GM,OPEN,Neutral,109781,109781
"Acharya Institute of Technology-Soladevanahalli, Bengaluru","Computer Science & Engineering (4 Years, Bachelor of Technology)",KKR,OPEN,Neutral,95420,95420
"Acharya Institute of Technology-Soladevanahalli, Bengaluru","Computer Science & Engineering (Data Science) (4 Years, Bachelor of Technology)",GM,OPEN,Neutral,103486,103486
"Acharya Institute of Technology-Soladevanahalli, Bengaluru","Computer Science & Engineering (Data Science) (4 Years, Bachelor of Technology)",KKR,OPEN,Neutral,102464,102464
"Acharya Institute of Technology-Soladevanahalli, Bengaluru","Electrical & Electronics Engineering (4 Years, Bachelor of Technology)",GM,OPEN,Neutral,104887,104887
"Acharya Institute of Technology-Soladevanahalli, Bengaluru","Electrical & Electronics Engineering (4 Years, Bachelor of Technology)",KKR,OPEN,Neutral,107783,107783
"Acharya Institute of Technology-Soladevanahalli, Bengaluru","Electronics & Comm- unication Engineering (4 Years, Bachelor of Technology)",GM,OPEN,Neutral,44652,44652
"Acharya Institute of Technology-Soladevanahalli, Bengaluru","Electronics & Comm- unication Engineering (4 Years, Bachelor of Technology)",KKR,OPEN,Neutral,97035,97035
"Acharya Institute of Technology-Soladevanahalli, Bengaluru","Electronics & Communica- tion Engineering (4 Years, Bachelor of Technology)",GM,OPEN,Neutral,87540,87540
"Acharya Institute of Technology-Soladevanahalli, Bengaluru","Electronics & Communicati on Engineering (4 Years, Bachelor of Technology)",GM,OPEN,Neutral,89548,89548
"Acharya Institute of Technology-Soladevanahalli, Bengaluru","Electronics & Communication Engineering (4 Years, Bachelor of Technology)",GM,OPEN,Neutral,48966,48966
"Acharya Institute of Technology-Soladevanahalli, Bengaluru","Electronics & Communication Engineering (4 Years, Bachelor of Technology)",KKR,OPEN,Neutral,72647,72647
"Acharya Institute of Technology-Soladevanahalli, Bengaluru","Information Science & Engineering (4 Years, Bachelor of Technology)",GM,OPEN,Neutral,106733,106733
"Acharya Institute of Technology-Soladevanahalli, Bengaluru","Information Science & Engineering (4 Years, Bachelor of Technology)",KKR,OPEN,Neutral,87959,87959
"Acharya Institute of Technology-Soladevanahalli, Bengaluru","Mech- atronics Engineering (4 Years, Bachelor of Technology)",GM,OPEN,Neutral,62208,62208
"Acharya Institute of Technology-Soladevanahalli, Bengaluru","Mech- atronics Engineering (4 Years, Bachelor of Technology)",KKR,OPEN,Neutral,91138,91138
"Acharya Institute of Technology-Soladevanahalli, Bengaluru","Mechanical Engineering (4 Years, Bachelor of Technology)",GM,OPEN,Neutral,107616,107616
"Acharya Institute of Technology-Soladevanahalli, Bengaluru","Mechanical Engineering (4 Years, Bachelor of Technology)",KKR,OPEN,Neutral,83862,83862
"Acharya Institute of Technology-Soladevanahalli, Bengaluru","Mechatronics Engineering (4 Years, Bachelor of Technology)",GM,OPEN,Neutral,90218,90218
"Acharya Institute of Technology-Soladevanahalli, Bengaluru","Robotics & Artificial Intelligence (4 Years, Bachelor of Technology)",GM,OPEN,Neutral,70413,70413
"Acharya Institute of Technology-Soladevanahalli, Bengaluru","Robotics & Artificial Intelligence (4 Years, Bachelor of Technology)",KKR,OPEN,Neutral,101252,101252
"Adichunchanagiri Institute Of Technology-Jyothi Nagara, Chikkamagaluru","Artificial Intelligence & Machine Learning (4 Years, Bachelor of Technology)",GM,OPEN,Neutral,106484,106484
"Adichunchanagiri Institute Of Technology-Jyothi Nagara, Chikkamagaluru","Computer Science & Engineering (4 Years, Bachelor of Technology)",GM,OPEN,Neutral,109207,109207
"Adichunchanagiri Institute Of Technology-Jyothi Nagara, Chikkamagaluru","Computer Science & Engineering (Data Science) (4 Years, Bachelor of Technology)",GM,OPEN,Neutral,107613,107613
"Adichunchanagiri Institute Of Technology-Jyothi Nagara, Chikkamagaluru","Electrical & Electronics Engineering (4 Years, Bachelor of Technology)",GM,OPEN,Neutral,108350,108350
"Adichunchanagiri Institute Of Technology-Jyothi Nagara, Chikkamagaluru","Electronics & Comm- unication Engineering (4 Years, Bachelor of Technology)",GM,OPEN,Neutral,110191,110191
"Adichunchanagiri Institute Of Technology-Jyothi Nagara, Chikkamagaluru","Electronics & Communication Engineering (4 Years, Bachelor of Technology)",GM,OPEN,Neutral,80525,80525
"Adichunchanagiri Institute Of Technology-Jyothi Nagara, Chikkamagaluru","Information Science & Engineering (4 Years, Bachelor of Technology)",GM,OPEN,Neutral,106976,106976
"Adichunchanagiri Institute Of Technology-Jyothi Nagara, Chikkamagaluru","Mechanical Engineering (4 Years, Bachelor of Technology)",GM,OPEN,Neutral,106615,106615
"Adichunchanagiri Institute Of Technology-Jyothi Nagara, Chikkamagaluru","Robotics & Artificial Intelligence (4 Years, Bachelor of Technology)",GM,OPEN,Neutral,106625,106625
"Aditya College of Engineering and Technology-Yelahanka, Bengaluru","Artificial Intelligence & Data Science (4 Years, Bachelor of Technology)",GM,OPEN,Neutral,110705,110705
"Aditya College of Engineering and Technology-Yelahanka, Bengaluru","Artificial Intelligence & Machine Learning (4 Years, Bachelor of Technology)",GM,OPEN,Neutral,108541,108541
"Aditya College of Engineering and Technology-Yelahanka, Bengaluru","Computer Science & Engineering (4 Years, Bachelor of Technology)",GM,OPEN,Neutral,111282,111282
"Aditya College of Engineering and Technology-Yelahanka, Bengaluru","Computer Science & Engineering (Artificial Intelligence & Machine Learning) (4 Years, Bachelor of Technology)",GM,OPEN,Neutral,79094,79094
"Aditya College of Engineering and Technology-Yelahanka, Bengaluru","Computer Science & Engineering (Artificial Intelligence) (4 Years, Bachelor of Technology)",GM,OPEN,Neutral,108579,108579
"Aditya College of Engineering and Technology-Yelahanka, Bengaluru","Data Science (4 Years, Bachelor of Technology)",GM,OPEN,Neutral,74590,74590
"Akash Institute of Engineering and Technology-Devanahalli, Bengaluru Rural","Artificial Intelligence & Data Science (4 Years, Bachelor of Technology)",GM,OPEN,Neutral,110202,110202
"Akash Institute of Engineering and Technology-Devanahalli, Bengaluru Rural","Computer Science & Engineering (4 Years, Bachelor of Technology)",GM,OPEN,Neutral,111733,111733
"Akash Institute of Engineering and Technology-Devanahalli, Bengaluru Rural","Computer Science & Engineering (4 Years, Bachelor of Technology)",KKR,OPEN,Neutral,100736,100736
"Akash Institute of Engineering and Technology-Devanahalli, Bengaluru Rural","Computer Science & Engineering (Artificial Intelligence & Machine Learning) (4 Years, Bachelor of Technology)",GM,OPEN,Neutral,111733,111733
"Akash Institute of Engineering and Technology-Devanahalli, Bengaluru Rural","Computer Science & Engineering (Cyber Security) (4 Years, Bachelor of Technology)",GM,OPEN,Neutral,108734,108734
"Akash Institute of Engineering and Technology-Devanahalli, Bengaluru Rural","Computer Science & Engineering (Data Science) (4 Years, Bachelor of Technology)",GM,OPEN,Neutral,106210,106210
"Akash Institute of Engineering and Technology-Devanahalli, Bengaluru Rural","Electronics & Comm- unication Engineering (4 Years, Bachelor of Technology)",GM,OPEN,Neutral,100871,100871
"Akash Institute of Engineering and Technology-Devanahalli, Bengaluru Rural","Information Science & Engineering (4 Years, Bachelor of Technology)",GM,OPEN,Neutral,97311,97311
"Akash Institute of Engineering and Technology-Devanahalli, Bengaluru Rural","Mechanical Engineering (4 Years, Bachelor of Technology)",GM,OPEN,Neutral,68496,68496
"Akshaya Institute of Technology-Koratagere Road, Tumakuru","Artificial Intelligence & Data Science (4 Years, Bachelor of Technology)",GM,OPEN,Neutral,104749,104749
"Akshaya Institute of Technology-Koratagere Road, Tumakuru","Computer Science & Engineering (4 Years, Bachelor of Technology)",GM,OPEN,Neutral,108040,108040
"Alliance College of Engineering and Design. Alliance University-Anekal, Bengaluru","Aerospace Engineering (4 Years, Bachelor of Technology)",GM,OPEN,Neutral,94827,94827
"Alliance College of Engineering and Design. Alliance University-Anekal, Bengaluru","Aerospace Engineering (4 Years, Bachelor of Technology)",KKR,OPEN,Neutral,39198,39198
"Alliance College of Engineering and Design. Alliance University-Anekal, Bengaluru","Artificial Intelligence & Machine Learning (4 Years, Bachelor of Technology)",GM,OPEN,Neutral,47387,47387
"Alliance College of Engineering and Design. Alliance University-Anekal, Bengaluru","Artificial Intelligence & Machine Learning (4 Years, Bachelor of Technology)",KKR,OPEN,Neutral,69829,69829
"Alliance College of Engineering and Design. Alliance University-Anekal, Bengaluru","Bio technology (4 Years, Bachelor of Technology)",GM,OPEN,Neutral,33867,33867
"Alliance College of Engineering and Design. Alliance University-Anekal, Bengaluru","Bio- technology (4 Years, Bachelor of Technology)",GM,OPEN,Neutral,104355,104355
"Alliance College of Engineering and Design. Alliance University-Anekal, Bengaluru","Civil Engineering (4 Years, Bachelor of Technology)",GM,OPEN,Neutral,106343,106343
"Alliance College of Engineering and Design. Alliance University-Anekal, Bengaluru","Computer Science & Engineering (4 Years, Bachelor of Technology)",GM,OPEN,Neutral,110415,110415
"Alliance College of Engineering and Design. Alliance University-Anekal, Bengaluru","Computer Science & Engineering (4 Years, Bachelor of Technology)",KKR,OPEN,Neutral,59585,59585
"Alliance College of Engineering and Design. Alliance University-Anekal, Bengaluru","Computer Science & Engineering (Block Chain) (4 Years, Bachelor of Technology)",GM,OPEN,Neutral,109154,109154
"Alliance College of Engineering and Design. Alliance University-Anekal, Bengaluru","Computer Science & Engineering (Block Chain) (4 Years, Bachelor of Technology)",KKR,OPEN,Neutral,110168,110168
"Alliance College of Engineering and Design. Alliance University-Anekal, Bengaluru","Computer Science & Engineering (Cyber Security) (4 Years, Bachelor of Technology)",GM,OPEN,Neutral,106533,106533
"Alliance College of Engineering and Design. Alliance University-Anekal, Bengaluru","Computer Science & Engineering (Cyber Security) (4 Years, Bachelor of Technology)",KKR,OPEN,Neutral,27795,27795
"Alliance College of Engineering and Design. Alliance University-Anekal, Bengaluru","Computer Science & Engineering (IOT) (4 Years, Bachelor of Technology)",GM,OPEN,Neutral,80186,80186
"Alliance College of Engineering and Design. Alliance University-Anekal, Bengaluru","Computer Science & Engineering (IOT) (4 Years, Bachelor of Technology)",KKR,OPEN,Neutral,75713,75713
"Alliance College of Engineering and Design. Alliance University-Anekal, Bengaluru","Computer Science & Technology (Devops) (4 Years, Bachelor of Technology)",GM,OPEN,Neutral,86640,86640
"Alliance College of Engineering and Design. Alliance University-Anekal, Bengaluru","Computer Science & Technology (Devops) (4 Years, Bachelor of Technology)",KKR,OPEN,Neutral,63261,63261
"Alliance College of Engineering and Design. Alliance University-Anekal, Bengaluru","Electrical & Electronics Engineering (4 Years, Bachelor of Technology)",GM,OPEN,Neutral,98617,98617
"Alliance College of Engineering and Design. Alliance University-Anekal, Bengaluru","Electrical & Electronics Engineering (4 Years, Bachelor of Technology)",KKR,OPEN,Neutral,96249,96249
"Alliance College of Engineering and Design. Alliance University-Anekal, Bengaluru","Electronics & Comm- unication Engineering (4 Years, Bachelor of Technology)",GM,OPEN,Neutral,35890,35890
"Alliance College of Engineering and Design. Alliance University-Anekal, Bengaluru","Electronics & Comm- unication Engineering (4 Years, Bachelor of Technology)",KKR,OPEN,Neutral,77801,77801
"Alliance College of Engineering and Design. Alliance University-Anekal, Bengaluru","Electronics & Communica- tion Engineering (4 Years, Bachelor of Technology)",GM,OPEN,Neutral,85976,85976
"Alliance College of Engineering and Design. Alliance University-Anekal, Bengaluru","Electronics & Communicati on Engineering (4 Years, Bachelor of Technology)",GM,OPEN,Neutral,110448,110448
"Alliance College of Engineering and Design. Alliance University-Anekal, Bengaluru","Electronics & Communication Engineering (4 Years, Bachelor of Technology)",GM,OPEN,Neutral,28364,28364
"Alliance College of Engineering and Design. Alliance University-Anekal, Bengaluru","Information Technology (4 Years, Bachelor of Technology)",GM,OPEN,Neutral,75155,75155
"Alliance College of Engineering and Design. Alliance University-Anekal, Bengaluru","Information Technology (4 Years, Bachelor of Technology)",KKR,OPEN,Neutral,99005,99005
"Alliance College of Engineering and Design. Alliance University-Anekal, Bengaluru","Information Technology (Augmented Reality and Virtual Reality (AR / VR) (4 Years, Bachelor of Technology)",GM,OPEN,Neutral,67223,67223
"Alliance College of Engineering and Design. Alliance University-Anekal, Bengaluru","Information Technology (Data Analytics) (4 Years, Bachelor of Technology)",GM,OPEN,Neutral,109750,109750
"Alliance College of Engineering and Design. Alliance University-Anekal, Bengaluru","Mechanical Engineering (4 Years, Bachelor of Technology)",GM,OPEN,Neutral,96855,96855
"Alvas Institute of Engineering and Technology-Moodbidri, Mangaluru","Agricultural Engineering (4 Years, Bachelor of Technology)",GM,OPEN,Neutral,109807,109807
"Alvas Institute of Engineering and Technology-Moodbidri, Mangaluru","Agriculture Engineering (4 Years, Bachelor of Technology)",GM,OPEN,Neutral,97806,97806
"Alvas Institute of Engineering and Technology-Moodbidri, Mangaluru","Artificial Intelligence & Machine Learning (4 Years, Bachelor of Technology)",GM,OPEN,Neutral,109512,109512
"Alvas Institute of Engineering and Technology-Moodbidri, Mangaluru","Computer Science & Engineering (4 Years, Bachelor of Technology)",GM,OPEN,Neutral,110618,110618
"Alvas Institute of Engineering and Technology-Moodbidri, Mangaluru","Computer Science & Engineering (Data Science) (4 Years, Bachelor of Technology)",GM,OPEN,Neutral,108885,108885
"Alvas Institute of Engineering and Technology-Moodbidri, Mangaluru","Computer Science & Engineering (IOT & Cyber Security Including Block Chain Technology) (4 Years, Bachelor of Technology)",GM,OPEN,Neutral,105112,105112
"Alvas Institute of Engineering and Technology-Moodbidri, Mangaluru","Electronics & Comm- unication Engineering (4 Years, Bachelor of Technology)",GM,OPEN,Neutral,110471,110471
"Alvas Institute of Engineering and Technology-Moodbidri, Mangaluru","Information Science & Engineering (4 Years, Bachelor of Technology)",GM,OPEN,Neutral,105816,105816
"Alvas Institute of Engineering and Technology-Moodbidri, Mangaluru","Mechanical Engineering (4 Years, Bachelor of Technology)",GM,OPEN,Neutral,59506,59506
"Amruta Institute of Engineering and Management Science- Bidadi, Ramnagar Taluk, Bengaluru Rural","Computer Science & Engineering (4 Years, Bachelor of Technology)",GM,OPEN,Neutral,42529,42529
"Amruta Institute of Engineering and Management Science-Bidadi, Ramnagar Taluk, Bengaluru Rural","Artificial Intelligence & Machine Learning (4 Years, Bachelor of Technology)",GM,OPEN,Neutral,81494,81494
"Amruta Institute of Engineering and Management Science-Bidadi, Ramnagar Taluk, Bengaluru Rural","Civil Engineering (4 Years, Bachelor of Technology)",GM,OPEN,Neutral,94606,94606
"Amruta Institute of Engineering and Management Science-Bidadi, Ramnagar Taluk, Bengaluru Rural","Computer Science & Engineering (4 Years, Bachelor of Technology)",GM,OPEN,Neutral,110891,110891
"Amruta Institute of Engineering and Management Science-Bidadi, Ramnagar Taluk, Bengaluru Rural","Electronics & Comm- unication Engineering (4 Years, Bachelor of Technology)",GM,OPEN,Neutral,103927,103927
"Amruta Institute of Engineering and Management Science-Bidadi, Ramnagar Taluk, Bengaluru Rural","Information Science & Engineering (4 Years, Bachelor of Technology)",GM,OPEN,Neutral,95332,95332
"Amruta Institute of Engineering and Management Science-Bidadi, Ramnagar Taluk, Bengaluru Rural","Mechanical Engineering (4 Years, Bachelor of Technology)",GM,OPEN,Neutral,87491,87491
"Angadi Institute of Technology and Management-Savagaon Road, Belagavi","Artificial Intelligence & Data Science (4 Years, Bachelor of Technology)",GM,OPEN,Neutral,95863,95863
"Angadi Institute of Technology and Management-Savagaon Road, Belagavi","Computer Science & Engineering (4 Years, Bachelor of Technology)",GM,OPEN,Neutral,110388,110388
"Angadi Institute of Technology and Management-Savagaon Road, Belagavi","Electronics & Comm- unication Engineering (4 Years, Bachelor of Technology)",GM,OPEN,Neutral,104692,104692
"Angadi Institute of Technology and Management-Savagaon Road, Belagavi","Electronics & Communicati on Engineering (4 Years, Bachelor of Technology)",GM,OPEN,Neutral,107672,107672
"Anuvartik Mirji Bharatesh Institute of Technology-Shindhollicross, Belagavi","Artificial Intelligence & Machine Learning (4 Years, Bachelor of Technology)",GM,OPEN,Neutral,108895,108895
"Anuvartik Mirji Bharatesh Institute of Technology-Shindhollicross, Belagavi","Computer Science & Engineering (4 Years, Bachelor of Technology)",GM,OPEN,Neutral,110299,110299
"Anuvartik Mirji Bharatesh Institute of Technology-Shindhollicross, Belagavi","Electronics & Comm- unication Engineering (4 Years, Bachelor of Technology)",GM,OPEN,Neutral,109578,109578
"Atria Institute of Technology-Hebbal, Bengaluru","Artificial Intelligence & Machine Learning (4 Years, Bachelor of Technology)",GM,OPEN,Neutral,98519,98519
"Atria Institute of Technology-Hebbal, Bengaluru","Artificial Intelligence & Machine Learning (4 Years, Bachelor of Technology)",KKR,OPEN,Neutral,106136,106136
"Atria Institute of Technology-Hebbal, Bengaluru","Civil Engineering (4 Years, Bachelor of Technology)",GM,OPEN,Neutral,108782,108782
"Atria Institute of Technology-Hebbal, Bengaluru","Computer Science & Design (4 Years, Bachelor of Technology)",GM,OPEN,Neutral,90768,90768
"Atria Institute of Technology-Hebbal, Bengaluru","Computer Science & Engineering (4 Years, Bachelor of Technology)",GM,OPEN,Neutral,99556,99556
"Atria Institute of Technology-Hebbal, Bengaluru","Computer Science & Engineering (4 Years, Bachelor of Technology)",KKR,OPEN,Neutral,107333,107333
"Atria Institute of Technology-Hebbal, Bengaluru","Computer Science & Engineering (Data Science) (4 Years, Bachelor of Technology)",GM,OPEN,Neutral,111230,111230
"Atria Institute of Technology-Hebbal, Bengaluru","Computer Science & Engineering (Data Science) (4 Years, Bachelor of Technology)",KKR,OPEN,Neutral,65760,65760
"Atria Institute of Technology-Hebbal, Bengaluru","Electronics & Comm- unication Engineering (4 Years, Bachelor of Technology)",GM,OPEN,Neutral,109370,109370
"Atria Institute of Technology-Hebbal, Bengaluru","Electronics & Communica- tion Engineering (4 Years, Bachelor of Technology)",GM,OPEN,Neutral,110946,110946
"Atria Institute of Technology-Hebbal, Bengaluru","Electronics & Communicati on Engineering (4 Years, Bachelor of Technology)",GM,OPEN,Neutral,110946,110946
"Atria Institute of Technology-Hebbal, Bengaluru","Electronics & Computer Engineering (4 Years, Bachelor of Technology)",GM,OPEN,Neutral,64641,64641
"Atria Institute of Technology-Hebbal, Bengaluru","Information Science & Engineering (4 Years, Bachelor of Technology)",GM,OPEN,Neutral,109052,109052
"Atria Institute of Technology-Hebbal, Bengaluru","Mechanical Engineering (4 Years, Bachelor of Technology)",GM,OPEN,Neutral,97836,97836
"Atria Institute of Technology-Hebbal, Bengaluru","Robotics & Automation (4 Years, Bachelor of Technology)",GM,OPEN,Neutral,104693,104693
"B.N.M. Institute of Technology-Banashankari, Bengaluru","Artificial Intelligence & Machine Learning (4 Years, Bachelor of Technology)",GM,OPEN,Neutral,43182,43182
"B.N.M. Institute of Technology-Banashankari, Bengaluru","Artificial Intelligence & Machine Learning (4 Years, Bachelor of Technology)",KKR,OPEN,Neutral,57776,57776
"B.N.M. Institute of Technology-Banashankari, Bengaluru","Computer Science & Engineering (4 Years, Bachelor of Technology)",GM,OPEN,Neutral,36964,36964
"B.N.M. Institute of Technology-Banashankari, Bengaluru","Computer Science & Engineering (4 Years, Bachelor of Technology)",KKR,OPEN,Neutral,52860,52860
"B.N.M. Institute of Technology-Banashankari, Bengaluru","Electrical & Electronics Engineering (4 Years, Bachelor of Technology)",GM,OPEN,Neutral,91589,91589
"B.N.M. Institute of Technology-Banashankari, Bengaluru","Electrical & Electronics Engineering (4 Years, Bachelor of Technology)",KKR,OPEN,Neutral,86589,86589
"B.N.M. Institute of Technology-Banashankari, Bengaluru","Electronics & Comm- unication Engineering (4 Years, Bachelor of Technology)",GM,OPEN,Neutral,23857,23857
"B.N.M. Institute of Technology-Banashankari, Bengaluru","Electronics & Comm- unication Engineering (4 Years, Bachelor of Technology)",KKR,OPEN,Neutral,62244,62244
"B.N.M. Institute of Technology-Banashankari, Bengaluru","Electronics & Communica- tion Engineering (4 Years, Bachelor of Technology)",GM,OPEN,Neutral,63350,63350
"B.N.M. Institute of Technology-Banashankari, Bengaluru","Electronics & Communicati on Engineering (4 Years, Bachelor of Technology)",GM,OPEN,Neutral,37057,37057
"B.N.M. Institute of Technology-Banashankari, Bengaluru","Electronics & Communication Engineering (4 Years, Bachelor of Technology)",GM,OPEN,Neutral,60533,60533
"B.N.M. Institute of Technology-Banashankari, Bengaluru","Electronics & Communication Engineering (4 Years, Bachelor of Technology)",KKR,OPEN,Neutral,67647,67647
"B.N.M. Institute of Technology-Banashankari, Bengaluru","Information Science & Engineering (4 Years, Bachelor of Technology)",GM,OPEN,Neutral,45911,45911
"B.N.M. Institute of Technology-Banashankari, Bengaluru","Information Science & Engineering (4 Years, Bachelor of Technology)",KKR,OPEN,Neutral,59005,59005
"B.N.M. Institute of Technology-Banashankari, Bengaluru","Mechanical Engineering (4 Years, Bachelor of Technology)",GM,OPEN,Neutral,108369,108369
"BGS College of Engineering and Technology- Mahalaxmipuram, Bengaluru","Artificial Intelligence & Data Science (4 Years, Bachelor of Technology)",GM,OPEN,Neutral,94081,94081
"BGS College of Engineering and Technology- Mahalaxmipuram, Bengaluru","Artificial Intelligence & Machine Learning (4 Years, Bachelor of Technology)",GM,OPEN,Neutral,83652,83652
"BGS College of Engineering and Technology- Mahalaxmipuram, Bengaluru","Computer Science & Design (4 Years, Bachelor of Technology)",GM,OPEN,Neutral,43864,43864
"BGS College of Engineering and Technology- Mahalaxmipuram, Bengaluru","Computer Science & Engineering (4 Years, Bachelor of Technology)",GM,OPEN,Neutral,90968,90968
"BGS College of Engineering and Technology- Mahalaxmipuram, Bengaluru","Computer Science & Engineering (4 Years, Bachelor of Technology)",KKR,OPEN,Neutral,48812,48812
"BGS College of Engineering and Technology- Mahalaxmipuram, Bengaluru","Information Science & Engineering (4 Years, Bachelor of Technology)",GM,OPEN,Neutral,99748,99748
"BGS College of Engineering and Technology-Mahalaxmipuram, Bengaluru","Artificial Intelligence & Data Science (4 Years, Bachelor of Technology)",GM,OPEN,Neutral,108945,108945
"BGS College of Engineering and Technology-Mahalaxmipuram, Bengaluru","Artificial Intelligence & Machine Learning (4 Years, Bachelor of Technology)",GM,OPEN,Neutral,96926,96926
"BGS College of Engineering and Technology-Mahalaxmipuram, Bengaluru","Computer Science & Design (4 Years, Bachelor of Technology)",GM,OPEN,Neutral,91844,91844
"BGS College of Engineering and Technology-Mahalaxmipuram, Bengaluru","Computer Science & Engineering (4 Years, Bachelor of Technology)",GM,OPEN,Neutral,100335,100335
"BGS College of Engineering and Technology-Mahalaxmipuram, Bengaluru","Computer Science & Engineering (4 Years, Bachelor of Technology)",KKR,OPEN,Neutral,85620,85620
"BGS College of Engineering and Technology-Mahalaxmipuram, Bengaluru","Information Science & Engineering (4 Years, Bachelor of Technology)",GM,OPEN,Neutral,89272,89272
"BLDEAs V.P. Dr.P.G.Halakatti College of Engineering and Technology-Ashram Road, Vijayapura","Computer Science & Engineering (4 Years, Bachelor of Technology)",GM,OPEN,Neutral,108471,108471
"BLDEAs V.P. Dr.P.G.Halakatti College of Engineering and Technology-Ashram Road, Vijayapura","Computer Science & Engineering (Artificial Intelligence & Machine Learning) (4 Years, Bachelor of Technology)",GM,OPEN,Neutral,101035,101035
"BLDEAs V.P. Dr.P.G.Halakatti College of Engineering and Technology-Ashram Road, Vijayapura","Computer Science & Engineering (Artificial Intelligence) (4 Years, Bachelor of Technology)",GM,OPEN,Neutral,103425,103425
"BLDEAs V.P. Dr.P.G.Halakatti College of Engineering and Technology-Ashram Road, Vijayapura","Computer Science & Engineering (Data Science) (4 Years, Bachelor of Technology)",GM,OPEN,Neutral,108471,108471
"BLDEAs V.P. Dr.P.G.Halakatti College of Engineering and Technology-Ashram Road, Vijayapura","Electrical & Electronics Engineering (4 Years, Bachelor of Technology)",GM,OPEN,Neutral,105483,105483
"BLDEAs V.P. Dr.P.G.Halakatti College of Engineering and Technology-Ashram Road, Vijayapura","Electronics & Comm- unication Engineering (4 Years, Bachelor of Technology)",GM,OPEN,Neutral,99134,99134
"BLDEAs V.P. Dr.P.G.Halakatti College of Engineering and Technology-Ashram Road, Vijayapura","Information Science & Engineering (4 Years, Bachelor of Technology)",GM,OPEN,Neutral,105816,105816
"BMS College of Engineering-Basavanagudi, Bengaluru","Aerospace Engineering (4 Years, Bachelor of Technology)",GM,OPEN,Neutral,16466,16466
"BMS College of Engineering-Basavanagudi, Bengaluru","Artificial Intelligence & Data Science (4 Years, Bachelor of Technology)",GM,OPEN,Neutral,5885,5885
"BMS College of Engineering-Basavanagudi, Bengaluru","Artificial Intelligence & Data Science (4 Years, Bachelor of Technology)",KKR,OPEN,Neutral,17172,17172
"BMS College of Engineering-Basavanagudi, Bengaluru","Artificial Intelligence & Machine Learning (4 Years, Bachelor of Technology)",GM,OPEN,Neutral,6686,6686
"BMS College of Engineering-Basavanagudi, Bengaluru","Artificial Intelligence & Machine Learning (4 Years, Bachelor of Technology)",KKR,OPEN,Neutral,16435,16435
"BMS College of Engineering-Basavanagudi, Bengaluru","Bio technology (4 Years, Bachelor of Technology)",GM,OPEN,Neutral,18547,18547
"BMS College of Engineering-Basavanagudi, Bengaluru","Bio technology (4 Years, Bachelor of Technology)",KKR,OPEN,Neutral,57710,57710
"BMS College of Engineering-Basavanagudi, Bengaluru","Bio- technology (4 Years, Bachelor of Technology)",GM,OPEN,Neutral,39302,39302
"BMS College of Engineering-Basavanagudi, Bengaluru","Bio- technology (4 Years, Bachelor of Technology)",KKR,OPEN,Neutral,27720,27720
"BMS College of Engineering-Basavanagudi, Bengaluru","Biotechnology (4 Years, Bachelor of Technology)",GM,OPEN,Neutral,40333,40333
"BMS College of Engineering-Basavanagudi, Bengaluru","Biotechnology (4 Years, Bachelor of Technology)",KKR,OPEN,Neutral,76894,76894
"BMS College of Engineering-Basavanagudi, Bengaluru","Chemical Engineering (4 Years, Bachelor of Technology)",GM,OPEN,Neutral,58288,58288
"BMS College of Engineering-Basavanagudi, Bengaluru","Chemical Engineering (4 Years, Bachelor of Technology)",KKR,OPEN,Neutral,106796,106796
"BMS College of Engineering-Basavanagudi, Bengaluru","Civil Engineering (4 Years, Bachelor of Technology)",GM,OPEN,Neutral,61017,61017
"BMS College of Engineering-Basavanagudi, Bengaluru","Civil Engineering (4 Years, Bachelor of Technology)",KKR,OPEN,Neutral,77487,77487
"BMS College of Engineering-Basavanagudi, Bengaluru","Computer Science & Business Systems (4 Years, Bachelor of Technology)",GM,OPEN,Neutral,6650,6650
"BMS College of Engineering-Basavanagudi, Bengaluru","Computer Science & Business Systems (4 Years, Bachelor of Technology)",KKR,OPEN,Neutral,19646,19646
"BMS College of Engineering-Basavanagudi, Bengaluru","Computer Science & Engineering (4 Years, Bachelor of Technology)",GM,OPEN,Neutral,5312,5312
"BMS College of Engineering-Basavanagudi, Bengaluru","Computer Science & Engineering (4 Years, Bachelor of Technology)",KKR,OPEN,Neutral,14570,14570
"BMS College of Engineering-Basavanagudi, Bengaluru","Computer Science & Engineering (Data Science) (4 Years, Bachelor of Technology)",GM,OPEN,Neutral,5610,5610
"BMS College of Engineering-Basavanagudi, Bengaluru","Computer Science & Engineering (Data Science) (4 Years, Bachelor of Technology)",KKR,OPEN,Neutral,17078,17078
"BMS College of Engineering-Basavanagudi, Bengaluru","Computer Science & Engineering (IOT & Cyber Security Including Block Chain Technology) (4 Years, Bachelor of Technology)",GM,OPEN,Neutral,6143,6143
"BMS College of Engineering-Basavanagudi, Bengaluru","Computer Science & Engineering (IOT & Cyber Security Including Block Chain Technology) (4 Years, Bachelor of Technology)",KKR,OPEN,Neutral,17185,17185
"BMS College of Engineering-Basavanagudi, Bengaluru","Electronics & Comm- unication Engineering (4 Years, Bachelor of Technology)",GM,OPEN,Neutral,3584,3584
"BMS College of Engineering-Basavanagudi, Bengaluru","Electronics & Comm- unication Engineering (4 Years, Bachelor of Technology)",KKR,OPEN,Neutral,17442,17442
"BMS College of Engineering-Basavanagudi, Bengaluru","Electronics & Communica- tion Engineering (4 Years, Bachelor of Technology)",GM,OPEN,Neutral,7904,7904
"BMS College of Engineering-Basavanagudi, Bengaluru","Electronics & Communicati on Engineering (4 Years, Bachelor of Technology)",GM,OPEN,Neutral,5302,5302
"BMS College of Engineering-Basavanagudi, Bengaluru","Electronics & Communication Engineering (4 Years, Bachelor of Technology)",GM,OPEN,Neutral,6782,6782
"BMS College of Engineering-Basavanagudi, Bengaluru","Electronics & Communication Engineering (4 Years, Bachelor of Technology)",KKR,OPEN,Neutral,19669,19669
"BMS College of Engineering-Basavanagudi, Bengaluru","Mechanical Engineering (4 Years, Bachelor of Technology)",GM,OPEN,Neutral,25036,25036
"BMS College of Engineering-Basavanagudi, Bengaluru","Mechanical Engineering (4 Years, Bachelor of Technology)",KKR,OPEN,Neutral,73003,73003
"BMS Institute of Technology and Management-Yelahanka, Bengaluru","Artificial Intelligence & Machine Learning (4 Years, Bachelor of Technology)",GM,OPEN,Neutral,26313,26313
"BMS Institute of Technology and Management-Yelahanka, Bengaluru","Artificial Intelligence & Machine Learning (4 Years, Bachelor of Technology)",KKR,OPEN,Neutral,41835,41835
"BMS Institute of Technology and Management-Yelahanka, Bengaluru","Civil Engineering (4 Years, Bachelor of Technology)",GM,OPEN,Neutral,98837,98837
"BMS Institute of Technology and Management-Yelahanka, Bengaluru","Civil Engineering (4 Years, Bachelor of Technology)",KKR,OPEN,Neutral,84969,84969
"BMS Institute of Technology and Management-Yelahanka, Bengaluru","Computer Science & Business Systems (4 Years, Bachelor of Technology)",GM,OPEN,Neutral,22972,22972
"BMS Institute of Technology and Management-Yelahanka, Bengaluru","Computer Science & Business Systems (4 Years, Bachelor of Technology)",KKR,OPEN,Neutral,43905,43905
"BMS Institute of Technology and Management-Yelahanka, Bengaluru","Computer Science & Engineering (4 Years, Bachelor of Technology)",GM,OPEN,Neutral,19984,19984
"BMS Institute of Technology and Management-Yelahanka, Bengaluru","Computer Science & Engineering (4 Years, Bachelor of Technology)",KKR,OPEN,Neutral,40297,40297
"BMS Institute of Technology and Management-Yelahanka, Bengaluru","Electrical & Electronics Engineering (4 Years, Bachelor of Technology)",GM,OPEN,Neutral,47837,47837
"BMS Institute of Technology and Management-Yelahanka, Bengaluru","Electrical & Electronics Engineering (4 Years, Bachelor of Technology)",KKR,OPEN,Neutral,72717,72717
"BMS Institute of Technology and Management-Yelahanka, Bengaluru","Electronics & Comm- unication Engineering (4 Years, Bachelor of Technology)",GM,OPEN,Neutral,13370,13370
"BMS Institute of Technology and Management-Yelahanka, Bengaluru","Electronics & Comm- unication Engineering (4 Years, Bachelor of Technology)",KKR,OPEN,Neutral,41513,41513
"BMS Institute of Technology and Management-Yelahanka, Bengaluru","Electronics & Communica- tion Engineering (4 Years, Bachelor of Technology)",GM,OPEN,Neutral,29885,29885
"BMS Institute of Technology and Management-Yelahanka, Bengaluru","Electronics & Communicati on Engineering (4 Years, Bachelor of Technology)",GM,OPEN,Neutral,19346,19346
"BMS Institute of Technology and Management-Yelahanka, Bengaluru","Electronics & Communication Engineering (4 Years, Bachelor of Technology)",GM,OPEN,Neutral,24247,24247
"BMS Institute of Technology and Management-Yelahanka, Bengaluru","Electronics & Communication Engineering (4 Years, Bachelor of Technology)",KKR,OPEN,Neutral,54977,54977
"BMS Institute of Technology and Management-Yelahanka, Bengaluru","Mechanical Engineering (4 Years, Bachelor of Technology)",GM,OPEN,Neutral,68406,68406
"BMS Institute of Technology and Management-Yelahanka, Bengaluru","Mechanical Engineering (4 Years, Bachelor of Technology)",KKR,OPEN,Neutral,87404,87404
"Ballari Institute of Technology And Management-Near Allipura, Ballari","Artificial Intelligence & Machine Learning (4 Years, Bachelor of Technology)",GM,OPEN,Neutral,105216,105216
"Ballari Institute of Technology And Management-Near Allipura, Ballari","Artificial Intelligence & Machine Learning (4 Years, Bachelor of Technology)",KKR,OPEN,Neutral,66293,66293
"Ballari Institute of Technology And Management-Near Allipura, Ballari","Computer Science & Engineering (4 Years, Bachelor of Technology)",GM,OPEN,Neutral,96362,96362
"Ballari Institute of Technology And Management-Near Allipura, Ballari","Computer Science & Engineering (4 Years, Bachelor of Technology)",KKR,OPEN,Neutral,99594,99594
"Ballari Institute of Technology And Management-Near Allipura, Ballari","Computer Science & Engineering (Artificial Intelligence) (4 Years, Bachelor of Technology)",GM,OPEN,Neutral,91728,91728
"Ballari Institute of Technology And Management-Near Allipura, Ballari","Computer Science & Engineering (Artificial Intelligence) (4 Years, Bachelor of Technology)",KKR,OPEN,Neutral,94232,94232
"Ballari Institute of Technology And Management-Near Allipura, Ballari","Computer Science & Engineering (Data Science) (4 Years, Bachelor of Technology)",GM,OPEN,Neutral,109097,109097
"Ballari Institute of Technology And Management-Near Allipura, Ballari","Electronics & Comm- unication Engineering (4 Years, Bachelor of Technology)",GM,OPEN,Neutral,109976,109976
"Ballari Institute of Technology And Management-Near Allipura, Ballari","Mechanical Engineering (4 Years, Bachelor of Technology)",GM,OPEN,Neutral,68894,68894
"Bangalore College of Engineering and Technology- Chandapura, Bengaluru","Computer Science & Engineering (4 Years, Bachelor of Technology)",GM,OPEN,Neutral,100408,100408
"Bangalore Institute of Technology-V V Puram, Bengaluru","Artificial Intelligence & Machine Learning (4 Years, Bachelor of Technology)",GM,OPEN,Neutral,22868,22868
"Bangalore Institute of Technology-V V Puram, Bengaluru","Artificial Intelligence & Machine Learning (4 Years, Bachelor of Technology)",KKR,OPEN,Neutral,33260,33260
"Bangalore Institute of Technology-V V Puram, Bengaluru","Civil Engineering (4 Years, Bachelor of Technology)",GM,OPEN,Neutral,99675,99675
"Bangalore Institute of Technology-V V Puram, Bengaluru","Civil Engineering (4 Years, Bachelor of Technology)",KKR,OPEN,Neutral,102213,102213
"Bangalore Institute of Technology-V V Puram, Bengaluru","Computer Science & Engineering (4 Years, Bachelor of Technology)",GM,OPEN,Neutral,16423,16423
"Bangalore Institute of Technology-V V Puram, Bengaluru","Computer Science & Engineering (4 Years, Bachelor of Technology)",KKR,OPEN,Neutral,28602,28602
"Bangalore Institute of Technology-V V Puram, Bengaluru","Computer Science & Engineering (Data Science) (4 Years, Bachelor of Technology)",GM,OPEN,Neutral,18272,18272
"Bangalore Institute of Technology-V V Puram, Bengaluru","Computer Science & Engineering (Data Science) (4 Years, Bachelor of Technology)",KKR,OPEN,Neutral,32551,32551
"Bangalore Institute of Technology-V V Puram, Bengaluru","Computer Science & Engineering (IOT & Cyber Security Including Block Chain Technology) (4 Years, Bachelor of Technology)",GM,OPEN,Neutral,24466,24466
"Bangalore Institute of Technology-V V Puram, Bengaluru","Computer Science & Engineering (IOT & Cyber Security Including Block Chain Technology) (4 Years, Bachelor of Technology)",KKR,OPEN,Neutral,34220,34220
"Bangalore Institute of Technology-V V Puram, Bengaluru","Electrical & Electronics Engineering (4 Years, Bachelor of Technology)",GM,OPEN,Neutral,67183,67183
"Bangalore Institute of Technology-V V Puram, Bengaluru","Electrical & Electronics Engineering (4 Years, Bachelor of Technology)",KKR,OPEN,Neutral,80766,80766
"Bangalore Institute of Technology-V V Puram, Bengaluru","Electronics & Comm- unication Engineering (4 Years, Bachelor of Technology)",GM,OPEN,Neutral,12471,12471
"Bangalore Institute of Technology-V V Puram, Bengaluru","Electronics & Comm- unication Engineering (4 Years, Bachelor of Technology)",KKR,OPEN,Neutral,41340,41340
"Bangalore Institute of Technology-V V Puram, Bengaluru","Electronics & Communica- tion Engineering (4 Years, Bachelor of Technology)",GM,OPEN,Neutral,32635,32635
"Bangalore Institute of Technology-V V Puram, Bengaluru","Electronics & Communicati on Engineering (4 Years, Bachelor of Technology)",GM,OPEN,Neutral,19284,19284
"Bangalore Institute of Technology-V V Puram, Bengaluru","Electronics & Communication Engineering (4 Years, Bachelor of Technology)",GM,OPEN,Neutral,29050,29050
"Bangalore Institute of Technology-V V Puram, Bengaluru","Electronics & Communication Engineering (4 Years, Bachelor of Technology)",KKR,OPEN,Neutral,43337,43337
"Bangalore Institute of Technology-V V Puram, Bengaluru","Electronics & Instru- mentation Engineering (4 Years, Bachelor of Technology)",GM,OPEN,Neutral,20304,20304
"Bangalore Institute of Technology-V V Puram, Bengaluru","Electronics & Instru- mentation Engineering (4 Years, Bachelor of Technology)",KKR,OPEN,Neutral,91711,91711
"Bangalore Institute of Technology-V V Puram, Bengaluru","Electronics & Instrument- ation Engineering (4 Years, Bachelor of Technology)",GM,OPEN,Neutral,68852,68852
"Bangalore Institute of Technology-V V Puram, Bengaluru","Electronics & Instrumentati on Engineering (4 Years, Bachelor of Technology)",GM,OPEN,Neutral,33853,33853
"Bangalore Institute of Technology-V V Puram, Bengaluru","Electronics & Instrumentation Engineering (4 Years, Bachelor of Technology)",GM,OPEN,Neutral,98313,98313
"Bangalore Institute of Technology-V V Puram, Bengaluru","Electronics & Tele comm- unication Engineering (4 Years, Bachelor of Technology)",GM,OPEN,Neutral,16394,16394
"Bangalore Institute of Technology-V V Puram, Bengaluru","Electronics & Tele comm- unication Engineering (4 Years, Bachelor of Technology)",KKR,OPEN,Neutral,78883,78883
"Bangalore Institute of Technology-V V Puram, Bengaluru","Electronics & Telecomm- unication Engineering (4 Years, Bachelor of Technology)",GM,OPEN,Neutral,14668,14668
"Bangalore Institute of Technology-V V Puram, Bengaluru","Electronics & Telecomm- unication Engineering (4 Years, Bachelor of Technology)",KKR,OPEN,Neutral,90835,90835
"Bangalore Institute of Technology-V V Puram, Bengaluru","Electronics & Telecommu- nication Engineering (4 Years, Bachelor of Technology)",GM,OPEN,Neutral,51158,51158
"Bangalore Institute of Technology-V V Puram, Bengaluru","Electronics & Telecommunicati on Engineering (4 Years, Bachelor of Technology)",GM,OPEN,Neutral,87996,87996
"Bangalore Institute of Technology-V V Puram, Bengaluru","Electronics & Telecommunicati on Engineering (4 Years, Bachelor of Technology)",KKR,OPEN,Neutral,61358,61358
"Bangalore Institute of Technology-V V Puram, Bengaluru","Electronics Engineering (VLSI Design & Technology) (4 Years, Bachelor of Technology)",GM,OPEN,Neutral,63253,63253
"Bangalore Institute of Technology-V V Puram, Bengaluru","Electronics Engineering (VLSI Design & Technology) (4 Years, Bachelor of Technology)",KKR,OPEN,Neutral,89330,89330
"Bangalore Institute of Technology-V V Puram, Bengaluru","Information Science & Engineering (4 Years, Bachelor of Technology)",GM,OPEN,Neutral,24965,24965
"Bangalore Institute of Technology-V V Puram, Bengaluru","Information Science & Engineering (4 Years, Bachelor of Technology)",KKR,OPEN,Neutral,35811,35811
"Bangalore Institute of Technology-V V Puram, Bengaluru","Mechanical Engineering (4 Years, Bachelor of Technology)",GM,OPEN,Neutral,99493,99493
"Bangalore Institute of Technology-V V Puram, Bengaluru","Mechanical Engineering (4 Years, Bachelor of Technology)",KKR,OPEN,Neutral,108484,108484
"Bangalore Institute of Technology-V V Puram, Bengaluru","Robotics & Artificial Intelligence (4 Years, Bachelor of Technology)",GM,OPEN,Neutral,30233,30233
"Bangalore Institute of Technology-V V Puram, Bengaluru","Robotics & Artificial Intelligence (4 Years, Bachelor of Technology)",KKR,OPEN,Neutral,58765,58765
"Bangalore Technological Institute-Chikkanayakanahalli Dinne, Bengaluru","Artificial Intelligence & Machine Learning (4 Years, Bachelor of Technology)",GM,OPEN,Neutral,107728,107728
"Bangalore Technological Institute-Chikkanayakanahalli Dinne, Bengaluru","Artificial Intelligence & Machine Learning (4 Years, Bachelor of Technology)",KKR,OPEN,Neutral,110166,110166
"Bangalore Technological Institute-Chikkanayakanahalli Dinne, Bengaluru","Civil Engineering (4 Years, Bachelor of Technology)",GM,OPEN,Neutral,93576,93576
"Bangalore Technological Institute-Chikkanayakanahalli Dinne, Bengaluru","Computer Engineering (4 Years, Bachelor of Technology)",GM,OPEN,Neutral,100965,100965
"Bangalore Technological Institute-Chikkanayakanahalli Dinne, Bengaluru","Computer Science & Engineering (4 Years, Bachelor of Technology)",GM,OPEN,Neutral,81326,81326
"Bangalore Technological Institute-Chikkanayakanahalli Dinne, Bengaluru","Computer Science & Engineering (4 Years, Bachelor of Technology)",KKR,OPEN,Neutral,86987,86987
"Bangalore Technological Institute-Chikkanayakanahalli Dinne, Bengaluru","Computer Science & Engineering (Data Science) (4 Years, Bachelor of Technology)",GM,OPEN,Neutral,103964,103964
"Bangalore Technological Institute-Chikkanayakanahalli Dinne, Bengaluru","Electronics & Comm- unication Engineering (4 Years, Bachelor of Technology)",GM,OPEN,Neutral,94248,94248
"Bangalore Technological Institute-Chikkanayakanahalli Dinne, Bengaluru","Electronics & Communicati on Engineering (4 Years, Bachelor of Technology)",GM,OPEN,Neutral,94248,94248
"Bangalore Technological Institute-Chikkanayakanahalli Dinne, Bengaluru","Information Science & Engineering (4 Years, Bachelor of Technology)",GM,OPEN,Neutral,102442,102442
"Bangalore Technological Institute-Chikkanayakanahalli Dinne, Bengaluru","Mechanical Engineering (4 Years, Bachelor of Technology)",GM,OPEN,Neutral,95617,95617
"Bangalore Technological Institute-Chikkanayakanahalli Dinne, Bengaluru","Robotics & Artificial Intelligence (4 Years, Bachelor of Technology)",GM,OPEN,Neutral,104954,104954
"Bapuji Institute of Engineering and Technology-Shamanur Road, Davangere","Artificial Intelligence & Machine Learning (4 Years, Bachelor of Technology)",GM,OPEN,Neutral,111412,111412
"Bapuji Institute of Engineering and Technology-Shamanur Road, Davangere","Artificial Intelligence & Machine Learning (4 Years, Bachelor of Technology)",KKR,OPEN,Neutral,104525,104525
"Bapuji Institute of Engineering and Technology-Shamanur Road, Davangere","Bio technology (4 Years, Bachelor of Technology)",GM,OPEN,Neutral,82175,82175
"Bapuji Institute of Engineering and Technology-Shamanur Road, Davangere","Bio- technology (4 Years, Bachelor of Technology)",GM,OPEN,Neutral,59254,59254
"Bapuji Institute of Engineering and Technology-Shamanur Road, Davangere","Chemical Engineering (4 Years, Bachelor of Technology)",GM,OPEN,Neutral,94423,94423
"Bapuji Institute of Engineering and Technology-Shamanur Road, Davangere","Civil Engineering (4 Years, Bachelor of Technology)",GM,OPEN,Neutral,111127,111127
"Bapuji Institute of Engineering and Technology-Shamanur Road, Davangere","Computer Science & Engineering (4 Years, Bachelor of Technology)",GM,OPEN,Neutral,111716,111716
"Bapuji Institute of Engineering and Technology-Shamanur Road, Davangere","Computer Science & Engineering (4 Years, Bachelor of Technology)",KKR,OPEN,Neutral,109579,109579
"Bapuji Institute of Engineering and Technology-Shamanur Road, Davangere","Computer Science & Engineering (Data Science) (4 Years, Bachelor of Technology)",GM,OPEN,Neutral,111716,111716
"Bapuji Institute of Engineering and Technology-Shamanur Road, Davangere","Electrical & Electronics Engineering (4 Years, Bachelor of Technology)",GM,OPEN,Neutral,106255,106255
"Bapuji Institute of Engineering and Technology-Shamanur Road, Davangere","Electronics & Comm- unication Engineering (4 Years, Bachelor of Technology)",GM,OPEN,Neutral,98423,98423
"Bapuji Institute of Engineering and Technology-Shamanur Road, Davangere","Electronics & Communica- tion Engineering (4 Years, Bachelor of Technology)",GM,OPEN,Neutral,101288,101288
"Bapuji Institute of Engineering and Technology-Shamanur Road, Davangere","Electronics & Communicati on Engineering (4 Years, Bachelor of Technology)",GM,OPEN,Neutral,101158,101158
"Bapuji Institute of Engineering and Technology-Shamanur Road, Davangere","Electronics & Communication Engineering (4 Years, Bachelor of Technology)",GM,OPEN,Neutral,96226,96226
"Bapuji Institute of Engineering and Technology-Shamanur Road, Davangere","Electronics & Communication Engineering (4 Years, Bachelor of Technology)",KKR,OPEN,Neutral,83784,83784
"Bapuji Institute of Engineering and Technology-Shamanur Road, Davangere","Information Science & Engineering (4 Years, Bachelor of Technology)",GM,OPEN,Neutral,111716,111716
"Bapuji Institute of Engineering and Technology-Shamanur Road, Davangere","Information Science & Engineering (4 Years, Bachelor of Technology)",KKR,OPEN,Neutral,102127,102127
"Basavakalyan Engineering College-NH9 Basavakalyan, Bidar","Computer Science & Engineering (4 Years, Bachelor of Technology)",GM,OPEN,Neutral,68884,68884
"Basavakalyan Engineering College-NH9 Basavakalyan, Bidar","Computer Science (4 Years, Bachelor of Technology)",GM,OPEN,Neutral,64882,64882
"Basavakalyan Engineering College-NH9 Basavakalyan, Bidar","Electronics & Comm- unication Engineering (4 Years, Bachelor of Technology)",GM,OPEN,Neutral,93991,93991
"Basaveshwar Engineering College-Vidya Nagar, Bagalkote","Artificial Intelligence & Machine Learning (4 Years, Bachelor of Technology)",GM,OPEN,Neutral,103197,103197
"Basaveshwar Engineering College-Vidya Nagar, Bagalkote","Automobile Engineering (4 Years, Bachelor of Technology)",GM,OPEN,Neutral,83464,83464
"Basaveshwar Engineering College-Vidya Nagar, Bagalkote","Bio technology (4 Years, Bachelor of Technology)",GM,OPEN,Neutral,97480,97480
"Basaveshwar Engineering College-Vidya Nagar, Bagalkote","Bio- technology (4 Years, Bachelor of Technology)",GM,OPEN,Neutral,101145,101145
"Basaveshwar Engineering College-Vidya Nagar, Bagalkote","Civil Engineering (4 Years, Bachelor of Technology)",GM,OPEN,Neutral,111199,111199
"Basaveshwar Engineering College-Vidya Nagar, Bagalkote","Computer Science & Engineering (4 Years, Bachelor of Technology)",GM,OPEN,Neutral,103197,103197
"Basaveshwar Engineering College-Vidya Nagar, Bagalkote","Computer Science & Engineering (4 Years, Bachelor of Technology)",KKR,OPEN,Neutral,93452,93452
"Basaveshwar Engineering College-Vidya Nagar, Bagalkote","Electronics & Comm- unication Engineering (4 Years, Bachelor of Technology)",GM,OPEN,Neutral,99134,99134
"Basaveshwar Engineering College-Vidya Nagar, Bagalkote","Electronics & Communica- tion Engineering (4 Years, Bachelor of Technology)",GM,OPEN,Neutral,90169,90169
"Basaveshwar Engineering College-Vidya Nagar, Bagalkote","Electronics & Communicati on Engineering (4 Years, Bachelor of Technology)",GM,OPEN,Neutral,108233,108233
"Basaveshwar Engineering College-Vidya Nagar, Bagalkote","Electronics & Communication Engineering (4 Years, Bachelor of Technology)",GM,OPEN,Neutral,89042,89042
"Basaveshwar Engineering College-Vidya Nagar, Bagalkote","Electronics & Computer Engineering (4 Years, Bachelor of Technology)",GM,OPEN,Neutral,105011,105011
"Basaveshwar Engineering College-Vidya Nagar, Bagalkote","Information Science & Engineering (4 Years, Bachelor of Technology)",GM,OPEN,Neutral,111215,111215
"Bharatesh Institute of Technology-Shindhollicross, Belagavi","Artificial Intelligence & Machine Learning (4 Years, Bachelor of Technology)",GM,OPEN,Neutral,100356,100356
"Bharatesh Institute of Technology-Shindhollicross, Belagavi","Computer Science & Engineering (4 Years, Bachelor of Technology)",GM,OPEN,Neutral,95668,95668
"Bheemanna Khandre Institute of Technology-Bhalki, Bidar","Chemical Engineering (4 Years, Bachelor of Technology)",GM,OPEN,Neutral,52875,52875
"Bheemanna Khandre Institute of Technology-Bhalki, Bidar","Computer Science & Engineering (4 Years, Bachelor of Technology)",GM,OPEN,Neutral,66960,66960
"Bheemanna Khandre Institute of Technology-Bhalki, Bidar","Computer Science & Engineering (Data Science) (4 Years, Bachelor of Technology)",GM,OPEN,Neutral,83596,83596
"Biluru Gurubasava Mahaswamiji Institute of Technology-Mudhol, Bagalkot","Artificial Intelligence & Machine Learning (4 Years, Bachelor of Technology)",GM,OPEN,Neutral,57867,57867
"Biluru Gurubasava Mahaswamiji Institute of Technology-Mudhol, Bagalkot","Computer Science & Engineering (4 Years, Bachelor of Technology)",GM,OPEN,Neutral,53194,53194
"Brindavan College of Engineering-Yelahanka, Bengaluru","Artificial Intelligence & Machine Learning (4 Years, Bachelor of Technology)",GM,OPEN,Neutral,105621,105621
"Brindavan College of Engineering-Yelahanka, Bengaluru","Civil Engineering (4 Years, Bachelor of Technology)",GM,OPEN,Neutral,6655,6655
"Brindavan College of Engineering-Yelahanka, Bengaluru","Computer Science & Engineering (4 Years, Bachelor of Technology)",GM,OPEN,Neutral,109894,109894
"Brindavan College of Engineering-Yelahanka, Bengaluru","Computer Science & Engineering (IOT & Cyber Security Including Block Chain Technology) (4 Years, Bachelor of Technology)",GM,OPEN,Neutral,91015,91015
"Brindavan College of Engineering-Yelahanka, Bengaluru","Electronics & Comm- unication Engineering (4 Years, Bachelor of Technology)",GM,OPEN,Neutral,106272,106272
"Brindavan College of Engineering-Yelahanka, Bengaluru","Information Science & Engineering (4 Years, Bachelor of Technology)",GM,OPEN,Neutral,96601,96601
"Brindavan College of Engineering-Yelahanka, Bengaluru","Mechanical Engineering (4 Years, Bachelor of Technology)",GM,OPEN,Neutral,32957,32957
"C Byregowda Insitute of Technology-Thoradevandahalli, Kolar","Artificial Intelligence & Machine Learning (4 Years, Bachelor of Technology)",GM,OPEN,Neutral,101109,101109
"C.M.R. Institute of Technology-Brookefield, Bengaluru","Artificial Intelligence & Data Science (4 Years, Bachelor of Technology)",GM,OPEN,Neutral,51311,51311
"C.M.R. Institute of Technology-Brookefield, Bengaluru","Artificial Intelligence & Data Science (4 Years, Bachelor of Technology)",KKR,OPEN,Neutral,65008,65008
"C.M.R. Institute of Technology-Brookefield, Bengaluru","Artificial Intelligence & Machine Learning (4 Years, Bachelor of Technology)",GM,OPEN,Neutral,46575,46575
"C.M.R. Institute of Technology-Brookefield, Bengaluru","Artificial Intelligence & Machine Learning (4 Years, Bachelor of Technology)",KKR,OPEN,Neutral,64349,64349
"C.M.R. Institute of Technology-Brookefield, Bengaluru","Computer Science & Engineering (4 Years, Bachelor of Technology)",GM,OPEN,Neutral,26223,26223
"C.M.R. Institute of Technology-Brookefield, Bengaluru","Computer Science & Engineering (4 Years, Bachelor of Technology)",KKR,OPEN,Neutral,45058,45058
"C.M.R. Institute of Technology-Brookefield, Bengaluru","Computer Science & Engineering (Artificial Intelligence & Machine Learning) (4 Years, Bachelor of Technology)",GM,OPEN,Neutral,26892,26892
"C.M.R. Institute of Technology-Brookefield, Bengaluru","Computer Science & Engineering (Artificial Intelligence & Machine Learning) (4 Years, Bachelor of Technology)",KKR,OPEN,Neutral,50674,50674
"C.M.R. Institute of Technology-Brookefield, Bengaluru","Computer Science & Engineering (Data Science) (4 Years, Bachelor of Technology)",GM,OPEN,Neutral,29977,29977
"C.M.R. Institute of Technology-Brookefield, Bengaluru","Computer Science & Engineering (Data Science) (4 Years, Bachelor of Technology)",KKR,OPEN,Neutral,69259,69259
"C.M.R. Institute of Technology-Brookefield, Bengaluru","Electronics & Comm- unication Engineering (4 Years, Bachelor of Technology)",GM,OPEN,Neutral,26314,26314
"C.M.R. Institute of Technology-Brookefield, Bengaluru","Electronics & Comm- unication Engineering (4 Years, Bachelor of Technology)",KKR,OPEN,Neutral,97992,97992
"C.M.R. Institute of Technology-Brookefield, Bengaluru","Electronics & Communica- tion Engineering (4 Years, Bachelor of Technology)",GM,OPEN,Neutral,63591,63591
"C.M.R. Institute of Technology-Brookefield, Bengaluru","Electronics & Communicati on Engineering (4 Years, Bachelor of Technology)",GM,OPEN,Neutral,38765,38765
"C.M.R. Institute of Technology-Brookefield, Bengaluru","Electronics & Communication Engineering (4 Years, Bachelor of Technology)",GM,OPEN,Neutral,72999,72999
"C.M.R. Institute of Technology-Brookefield, Bengaluru","Electronics & Communication Engineering (4 Years, Bachelor of Technology)",KKR,OPEN,Neutral,94161,94161
"C.M.R. Institute of Technology-Brookefield, Bengaluru","Information Science & Engineering (4 Years, Bachelor of Technology)",GM,OPEN,Neutral,53068,53068
"C.M.R. Institute of Technology-Brookefield, Bengaluru","Information Science & Engineering (4 Years, Bachelor of Technology)",KKR,OPEN,Neutral,74304,74304
"CMR University-Bagalur-Chagalatti, Bengaluru","Computer Engineering (4 Years, Bachelor of Technology)",GM,OPEN,Neutral,87610,87610
"CMR University-Bagalur-Chagalatti, Bengaluru","Computer Science & Engineering (4 Years, Bachelor of Technology)",GM,OPEN,Neutral,109536,109536
"CMR University-Bagalur-Chagalatti, Bengaluru","Computer Science & Engineering (4 Years, Bachelor of Technology)",KKR,OPEN,Neutral,110659,110659
"CMR University-Bagalur-Chagalatti, Bengaluru","Computer Science & Engineering (Artificial Intelligence & Machine Learning) (4 Years, Bachelor of Technology)",GM,OPEN,Neutral,103021,103021
"CMR University-Bagalur-Chagalatti, Bengaluru","Computer Science & Engineering (Artificial Intelligence & Machine Learning) (4 Years, Bachelor of Technology)",KKR,OPEN,Neutral,92917,92917
"CMR University-Bagalur-Chagalatti, Bengaluru","Computer Science & Engineering (Data Science) (4 Years, Bachelor of Technology)",GM,OPEN,Neutral,103547,103547
"CMR University-Bagalur-Chagalatti, Bengaluru","Computer Science & Engineering (Data Science) (4 Years, Bachelor of Technology)",KKR,OPEN,Neutral,91275,91275
"CMR University-Bagalur-Chagalatti, Bengaluru","Computer Science & Technology (4 Years, Bachelor of Technology)",GM,OPEN,Neutral,75437,75437
"CMR University-Bagalur-Chagalatti, Bengaluru","Computer Science & Technology (4 Years, Bachelor of Technology)",KKR,OPEN,Neutral,83443,83443
"CMR University-Bagalur-Chagalatti, Bengaluru","Electronics & Comm- unication Engineering (4 Years, Bachelor of Technology)",GM,OPEN,Neutral,40014,40014
"CMR University-Bagalur-Chagalatti, Bengaluru","Electronics & Comm- unication Engineering (4 Years, Bachelor of Technology)",KKR,OPEN,Neutral,102267,102267
"CMR University-Bagalur-Chagalatti, Bengaluru","Electronics & Communica- tion Engineering (4 Years, Bachelor of Technology)",GM,OPEN,Neutral,69337,69337
"CMR University-Bagalur-Chagalatti, Bengaluru","Electronics & Communicati on Engineering (4 Years, Bachelor of Technology)",GM,OPEN,Neutral,66541,66541
"CMR University-Bagalur-Chagalatti, Bengaluru","Electronics & Communication Engineering (4 Years, Bachelor of Technology)",GM,OPEN,Neutral,80981,80981
"CMR University-Bagalur-Chagalatti, Bengaluru","Electronics & Communication Engineering (4 Years, Bachelor of Technology)",KKR,OPEN,Neutral,54946,54946
"CMR University-Bagalur-Chagalatti, Bengaluru","Information Technology (4 Years, Bachelor of Technology)",GM,OPEN,Neutral,98024,98024
"Cambridge Institute of Technology North Campus-Kundana, Bengaluru","Computer Science & Engineering (4 Years, Bachelor of Technology)",GM,OPEN,Neutral,104072,104072
"Cambridge Institute of Technology North Campus-Kundana, Bengaluru","Computer Science & Engineering (4 Years, Bachelor of Technology)",KKR,OPEN,Neutral,88206,88206
"Cambridge Institute of Technology North Campus-Kundana, Bengaluru","Computer Science & Engineering (Artificial Intelligence & Machine Learning) (4 Years, Bachelor of Technology)",GM,OPEN,Neutral,105955,105955
"Cambridge Institute of Technology North Campus-Kundana, Bengaluru","Computer Science & Engineering (Cyber Security) (4 Years, Bachelor of Technology)",GM,OPEN,Neutral,100037,100037
"Cambridge Institute of Technology North Campus-Kundana, Bengaluru","Computer Science & Engineering (Data Science) (4 Years, Bachelor of Technology)",GM,OPEN,Neutral,105165,105165
"Cambridge Institute of Technology North Campus-Kundana, Bengaluru","Electronics & Comm- unication Engineering (4 Years, Bachelor of Technology)",GM,OPEN,Neutral,76881,76881
"Cambridge Institute of Technology North Campus-Kundana, Bengaluru","Mechanical Engineering (4 Years, Bachelor of Technology)",GM,OPEN,Neutral,102448,102448
"Cambridge Institute of Technology-K R Puram, Bengaluru","Artificial Intelligence & Machine Learning (4 Years, Bachelor of Technology)",GM,OPEN,Neutral,111359,111359
"Cambridge Institute of Technology-K R Puram, Bengaluru","Artificial Intelligence & Machine Learning (4 Years, Bachelor of Technology)",KKR,OPEN,Neutral,111009,111009
"Cambridge Institute of Technology-K R Puram, Bengaluru","Civil Engineering (4 Years, Bachelor of Technology)",GM,OPEN,Neutral,108782,108782
"Cambridge Institute of Technology-K R Puram, Bengaluru","Computer Science & Engineering (4 Years, Bachelor of Technology)",GM,OPEN,Neutral,110484,110484
"Cambridge Institute of Technology-K R Puram, Bengaluru","Computer Science & Engineering (4 Years, Bachelor of Technology)",KKR,OPEN,Neutral,111009,111009
"Cambridge Institute of Technology-K R Puram, Bengaluru","Computer Science & Engineering (Data Science) (4 Years, Bachelor of Technology)",GM,OPEN,Neutral,85816,85816
"Cambridge Institute of Technology-K R Puram, Bengaluru","Computer Science & Engineering (Data Science) (4 Years, Bachelor of Technology)",KKR,OPEN,Neutral,84302,84302
"Cambridge Institute of Technology-K R Puram, Bengaluru","Computer Science & Engineering (IOT & Cyber Security Including Block Chain Technology) (4 Years, Bachelor of Technology)",GM,OPEN,Neutral,93618,93618
"Cambridge Institute of Technology-K R Puram, Bengaluru","Electrical & Electronics Engineering (4 Years, Bachelor of Technology)",GM,OPEN,Neutral,98440,98440
"Cambridge Institute of Technology-K R Puram, Bengaluru","Electronics & Comm- unication Engineering (4 Years, Bachelor of Technology)",GM,OPEN,Neutral,53323,53323
"Cambridge Institute of Technology-K R Puram, Bengaluru","Electronics & Comm- unication Engineering (4 Years, Bachelor of Technology)",KKR,OPEN,Neutral,64529,64529
"Cambridge Institute of Technology-K R Puram, Bengaluru","Electronics & Communica- tion Engineering (4 Years, Bachelor of Technology)",GM,OPEN,Neutral,88739,88739
"Cambridge Institute of Technology-K R Puram, Bengaluru","Electronics & Communicati on Engineering (4 Years, Bachelor of Technology)",GM,OPEN,Neutral,111194,111194
"Cambridge Institute of Technology-K R Puram, Bengaluru","Electronics & Communication Engineering (4 Years, Bachelor of Technology)",GM,OPEN,Neutral,64075,64075
"Cambridge Institute of Technology-K R Puram, Bengaluru","Information Science & Engineering (4 Years, Bachelor of Technology)",GM,OPEN,Neutral,89496,89496
"Cambridge Institute of Technology-K R Puram, Bengaluru","Mechanical Engineering (4 Years, Bachelor of Technology)",GM,OPEN,Neutral,103564,103564
"Cauvery College of Engineering-KBL Layout, Mysuru","Computer Science & Engineering (4 Years, Bachelor of Technology)",GM,OPEN,Neutral,87921,87921
"Cauvery College of Engineering-KBL Layout, Mysuru","Computer Science & Engineering (Artificial Intelligence & Machine Learning) (4 Years, Bachelor of Technology)",GM,OPEN,Neutral,105087,105087
"Cauvery College of Engineering-KBL Layout, Mysuru","Computer Science & Engineering (Cyber Security) (4 Years, Bachelor of Technology)",GM,OPEN,Neutral,63634,63634
"Cauvery Institute Of Technology-Sundahalli, Mandya","Computer Science & Engineering (4 Years, Bachelor of Technology)",GM,OPEN,Neutral,109687,109687
"Cauvery Institute Of Technology-Sundahalli, Mandya","Information Science & Engineering (4 Years, Bachelor of Technology)",GM,OPEN,Neutral,94600,94600
"Cauvery Institute Of Technology-Sundahalli, Mandya","Mechanical Engineering (4 Years, Bachelor of Technology)",GM,OPEN,Neutral,36023,36023
"Chanakya University-Devanahalli, Bengaluru Rural","Civil Construction & Sustain- ability Engineering (4 Years, Bachelor of Technology)",GM,OPEN,Neutral,78919,78919
"Chanakya University-Devanahalli, Bengaluru Rural","Civil Construction & Sustainability Engineering (4 Years, Bachelor of Technology)",GM,OPEN,Neutral,78919,78919
"Chanakya University-Devanahalli, Bengaluru Rural","Electronics Engineering (VLSI Design & Technology) (4 Years, Bachelor of Technology)",GM,OPEN,Neutral,106627,106627
"Chanakya University-Devanahalli, Bengaluru Rural","Mechanical & Aerospace Engineering (4 Years, Bachelor of Technology)",GM,OPEN,Neutral,61373,61373
"Channabasaveshwara Institute of Technology- Gubbi, Tumakuru","Artificial Intelligence & Data Science (4 Years, Bachelor of Technology)",GM,OPEN,Neutral,106098,106098
"Channabasaveshwara Institute of Technology- Gubbi, Tumakuru","Civil Engineering (4 Years, Bachelor of Technology)",GM,OPEN,Neutral,101700,101700
"Channabasaveshwara Institute of Technology- Gubbi, Tumakuru","Computer Science & Engineering (4 Years, Bachelor of Technology)",GM,OPEN,Neutral,110106,110106
"Channabasaveshwara Institute of Technology- Gubbi, Tumakuru","Electronics & Comm- unication Engineering (4 Years, Bachelor of Technology)",GM,OPEN,Neutral,91875,91875
"Channabasaveshwara Institute of Technology- Gubbi, Tumakuru","Information Science & Engineering (4 Years, Bachelor of Technology)",GM,OPEN,Neutral,89505,89505
"City Engineering College-Doddakalasandra, Bengaluru","Artificial Intelligence & Machine Learning (4 Years, Bachelor of Technology)",GM,OPEN,Neutral,110482,110482
"City Engineering College-Doddakalasandra, Bengaluru","Computer Science & Engineering (4 Years, Bachelor of Technology)",GM,OPEN,Neutral,109524,109524
"City Engineering College-Doddakalasandra, Bengaluru","Computer Science & Engineering (IOT & Cyber Security Including Block Chain Technology) (4 Years, Bachelor of Technology)",GM,OPEN,Neutral,100851,100851
"City Engineering College-Doddakalasandra, Bengaluru","Electronics & Comm- unication Engineering (4 Years, Bachelor of Technology)",GM,OPEN,Neutral,96817,96817
"City Engineering College-Doddakalasandra, Bengaluru","Electronics & Communication Engineering (4 Years, Bachelor of Technology)",GM,OPEN,Neutral,72611,72611
"City Engineering College-Doddakalasandra, Bengaluru","Mechanical Engineering (4 Years, Bachelor of Technology)",GM,OPEN,Neutral,99390,99390
"Coorg Institute of Technology-Ponnampet, South Kodagu","Artificial Intelligence & Data Science (4 Years, Bachelor of Technology)",GM,OPEN,Neutral,110685,110685
"Coorg Institute of Technology-Ponnampet, South Kodagu","Artificial Intelligence & Machine Learning (4 Years, Bachelor of Technology)",GM,OPEN,Neutral,101886,101886
"Coorg Institute of Technology-Ponnampet, South Kodagu","Computer Science & Engineering (4 Years, Bachelor of Technology)",GM,OPEN,Neutral,106864,106864
"Coorg Institute of Technology-Ponnampet, South Kodagu","Computer Science & Engineering (Cyber Security) (4 Years, Bachelor of Technology)",GM,OPEN,Neutral,90149,90149
"Coorg Institute of Technology-Ponnampet, South Kodagu","Electronics & Comm- unication Engineering (4 Years, Bachelor of Technology)",GM,OPEN,Neutral,92784,92784
"Coorg Institute of Technology-Ponnampet, South Kodagu","Mechanical Engineering (4 Years, Bachelor of Technology)",GM,OPEN,Neutral,82980,82980
"DON BOSCO Institute of Technology-Kumbalgodu, Bengaluru","Artificial Intelligence & Data Science (4 Years, Bachelor of Technology)",GM,OPEN,Neutral,102657,102657
"DON BOSCO Institute of Technology-Kumbalgodu, Bengaluru","Computer Science & Engineering (4 Years, Bachelor of Technology)",GM,OPEN,Neutral,111427,111427
"DON BOSCO Institute of Technology-Kumbalgodu, Bengaluru","Computer Science & Engineering (4 Years, Bachelor of Technology)",KKR,OPEN,Neutral,62015,62015
"DON BOSCO Institute of Technology-Kumbalgodu, Bengaluru","Computer Science & Engineering (Artificial Intelligence & Machine Learning) (4 Years, Bachelor of Technology)",GM,OPEN,Neutral,107604,107604
"DON BOSCO Institute of Technology-Kumbalgodu, Bengaluru","Computer Science & Engineering (Artificial Intelligence & Machine Learning) (4 Years, Bachelor of Technology)",KKR,OPEN,Neutral,97034,97034
"DON BOSCO Institute of Technology-Kumbalgodu, Bengaluru","Computer Science & Engineering (IOT & Cyber Security Including Block Chain Technology) (4 Years, Bachelor of Technology)",GM,OPEN,Neutral,105817,105817
"DON BOSCO Institute of Technology-Kumbalgodu, Bengaluru","Electrical & Electronics Engineering (4 Years, Bachelor of Technology)",GM,OPEN,Neutral,107250,107250
"DON BOSCO Institute of Technology-Kumbalgodu, Bengaluru","Electronics & Comm- unication Engineering (4 Years, Bachelor of Technology)",GM,OPEN,Neutral,90566,90566
"DON BOSCO Institute of Technology-Kumbalgodu, Bengaluru","Electronics & Communicati on Engineering (4 Years, Bachelor of Technology)",GM,OPEN,Neutral,81250,81250
"DON BOSCO Institute of Technology-Kumbalgodu, Bengaluru","Information Science & Engineering (4 Years, Bachelor of Technology)",GM,OPEN,Neutral,109945,109945
"Dayananda Sagar Academy of Technology and Management-Kanakpura Road, Bengaluru","Artificial Intelligence & Machine Learning (4 Years, Bachelor of Technology)",GM,OPEN,Neutral,46478,46478
"Dayananda Sagar Academy of Technology and Management-Kanakpura Road, Bengaluru","Artificial Intelligence & Machine Learning (4 Years, Bachelor of Technology)",KKR,OPEN,Neutral,37892,37892
"Dayananda Sagar Academy of Technology and Management-Kanakpura Road, Bengaluru","Computer Science & Design (4 Years, Bachelor of Technology)",GM,OPEN,Neutral,86484,86484
"Dayananda Sagar Academy of Technology and Management-Kanakpura Road, Bengaluru","Computer Science & Design (4 Years, Bachelor of Technology)",KKR,OPEN,Neutral,58404,58404
"Dayananda Sagar Academy of Technology and Management-Kanakpura Road, Bengaluru","Computer Science & Engineering (4 Years, Bachelor of Technology)",GM,OPEN,Neutral,58956,58956
"Dayananda Sagar Academy of Technology and Management-Kanakpura Road, Bengaluru","Computer Science & Engineering (4 Years, Bachelor of Technology)",KKR,OPEN,Neutral,65823,65823
"Dayananda Sagar Academy of Technology and Management-Kanakpura Road, Bengaluru","Computer Science & Engineering (Artificial Intelligence & Machine Learning) (4 Years, Bachelor of Technology)",GM,OPEN,Neutral,54107,54107
"Dayananda Sagar Academy of Technology and Management-Kanakpura Road, Bengaluru","Computer Science & Engineering (Artificial Intelligence & Machine Learning) (4 Years, Bachelor of Technology)",KKR,OPEN,Neutral,69830,69830
"Dayananda Sagar Academy of Technology and Management-Kanakpura Road, Bengaluru","Computer Science & Engineering (Artificial Intelligence) (4 Years, Bachelor of Technology)",GM,OPEN,Neutral,48711,48711
"Dayananda Sagar Academy of Technology and Management-Kanakpura Road, Bengaluru","Computer Science & Engineering (Artificial Intelligence) (4 Years, Bachelor of Technology)",KKR,OPEN,Neutral,47322,47322
"Dayananda Sagar Academy of Technology and Management-Kanakpura Road, Bengaluru","Computer Science & Engineering (Cyber Security) (4 Years, Bachelor of Technology)",GM,OPEN,Neutral,73943,73943
"Dayananda Sagar Academy of Technology and Management-Kanakpura Road, Bengaluru","Computer Science & Engineering (Cyber Security) (4 Years, Bachelor of Technology)",KKR,OPEN,Neutral,73702,73702
"Dayananda Sagar Academy of Technology and Management-Kanakpura Road, Bengaluru","Computer Science & Engineering (Data Science) (4 Years, Bachelor of Technology)",GM,OPEN,Neutral,68369,68369
"Dayananda Sagar Academy of Technology and Management-Kanakpura Road, Bengaluru","Computer Science & Engineering (Data Science) (4 Years, Bachelor of Technology)",KKR,OPEN,Neutral,73575,73575
"Dayananda Sagar Academy of Technology and Management-Kanakpura Road, Bengaluru","Computer Science & Engineering (IOT & Cyber Security Including Block Chain Technology) (4 Years, Bachelor of Technology)",GM,OPEN,Neutral,86367,86367
"Dayananda Sagar Academy of Technology and Management-Kanakpura Road, Bengaluru","Computer Science & Engineering (IOT & Cyber Security Including Block Chain Technology) (4 Years, Bachelor of Technology)",KKR,OPEN,Neutral,76449,76449
"Dayananda Sagar Academy of Technology and Management-Kanakpura Road, Bengaluru","Electrical & Electronics Engineering (4 Years, Bachelor of Technology)",GM,OPEN,Neutral,38173,38173
"Dayananda Sagar Academy of Technology and Management-Kanakpura Road, Bengaluru","Electronics & Comm- unication Engineering (4 Years, Bachelor of Technology)",GM,OPEN,Neutral,27699,27699
"Dayananda Sagar Academy of Technology and Management-Kanakpura Road, Bengaluru","Electronics & Comm- unication Engineering (4 Years, Bachelor of Technology)",KKR,OPEN,Neutral,75283,75283
"Dayananda Sagar Academy of Technology and Management-Kanakpura Road, Bengaluru","Electronics & Communica- tion Engineering (4 Years, Bachelor of Technology)",GM,OPEN,Neutral,108621,108621
"Dayananda Sagar Academy of Technology and Management-Kanakpura Road, Bengaluru","Electronics & Communicati on Engineering (4 Years, Bachelor of Technology)",GM,OPEN,Neutral,46875,46875
"Dayananda Sagar Academy of Technology and Management-Kanakpura Road, Bengaluru","Electronics & Communication Engineering (4 Years, Bachelor of Technology)",GM,OPEN,Neutral,91193,91193
"Dayananda Sagar Academy of Technology and Management-Kanakpura Road, Bengaluru","Electronics & Communication Engineering (4 Years, Bachelor of Technology)",KKR,OPEN,Neutral,96589,96589
"Dayananda Sagar Academy of Technology and Management-Kanakpura Road, Bengaluru","Information Science & Engineering (4 Years, Bachelor of Technology)",GM,OPEN,Neutral,94611,94611
"Dayananda Sagar Academy of Technology and Management-Kanakpura Road, Bengaluru","Information Science & Engineering (4 Years, Bachelor of Technology)",KKR,OPEN,Neutral,79199,79199
"Dayananda Sagar Academy of Technology and Management-Kanakpura Road, Bengaluru","Mechanical Engineering (4 Years, Bachelor of Technology)",GM,OPEN,Neutral,91599,91599
"Dayananda Sagar Academy of Technology and Management-Kanakpura Road, Bengaluru","Mechanical Engineering (4 Years, Bachelor of Technology)",KKR,OPEN,Neutral,107055,107055
"Dayananda Sagar College of Engineering-Kumaraswamy Layout, Bengaluru","Aeronautical Engineering (4 Years, Bachelor of Technology)",GM,OPEN,Neutral,43057,43057
"Dayananda Sagar College of Engineering-Kumaraswamy Layout, Bengaluru","Aeronautical Engineering (4 Years, Bachelor of Technology)",KKR,OPEN,Neutral,68274,68274
"Dayananda Sagar College of Engineering-Kumaraswamy Layout, Bengaluru","Artificial Intelligence & Machine Learning (4 Years, Bachelor of Technology)",GM,OPEN,Neutral,9622,9622
"Dayananda Sagar College of Engineering-Kumaraswamy Layout, Bengaluru","Artificial Intelligence & Machine Learning (4 Years, Bachelor of Technology)",KKR,OPEN,Neutral,19685,19685
"Dayananda Sagar College of Engineering-Kumaraswamy Layout, Bengaluru","Automobile Engineering (4 Years, Bachelor of Technology)",GM,OPEN,Neutral,63821,63821
"Dayananda Sagar College of Engineering-Kumaraswamy Layout, Bengaluru","Automobile Engineering (4 Years, Bachelor of Technology)",KKR,OPEN,Neutral,76203,76203
"Dayananda Sagar College of Engineering-Kumaraswamy Layout, Bengaluru","Bio technology (4 Years, Bachelor of Technology)",GM,OPEN,Neutral,29267,29267
"Dayananda Sagar College of Engineering-Kumaraswamy Layout, Bengaluru","Bio technology (4 Years, Bachelor of Technology)",KKR,OPEN,Neutral,81543,81543
"Dayananda Sagar College of Engineering-Kumaraswamy Layout, Bengaluru","Bio- technology (4 Years, Bachelor of Technology)",GM,OPEN,Neutral,81432,81432
"Dayananda Sagar College of Engineering-Kumaraswamy Layout, Bengaluru","Bio- technology (4 Years, Bachelor of Technology)",KKR,OPEN,Neutral,73759,73759
"Dayananda Sagar College of Engineering-Kumaraswamy Layout, Bengaluru","Biotechnology (4 Years, Bachelor of Technology)",GM,OPEN,Neutral,75923,75923
"Dayananda Sagar College of Engineering-Kumaraswamy Layout, Bengaluru","Chemical Engineering (4 Years, Bachelor of Technology)",GM,OPEN,Neutral,53019,53019
"Dayananda Sagar College of Engineering-Kumaraswamy Layout, Bengaluru","Chemical Engineering (4 Years, Bachelor of Technology)",KKR,OPEN,Neutral,79665,79665
"Dayananda Sagar College of Engineering-Kumaraswamy Layout, Bengaluru","Civil Engineering (4 Years, Bachelor of Technology)",GM,OPEN,Neutral,68618,68618
"Dayananda Sagar College of Engineering-Kumaraswamy Layout, Bengaluru","Civil Engineering (4 Years, Bachelor of Technology)",KKR,OPEN,Neutral,84969,84969
"Dayananda Sagar College of Engineering-Kumaraswamy Layout, Bengaluru","Computer Science & Business Systems (4 Years, Bachelor of Technology)",GM,OPEN,Neutral,9116,9116
"Dayananda Sagar College of Engineering-Kumaraswamy Layout, Bengaluru","Computer Science & Business Systems (4 Years, Bachelor of Technology)",KKR,OPEN,Neutral,19497,19497
"Dayananda Sagar College of Engineering-Kumaraswamy Layout, Bengaluru","Computer Science & Design (4 Years, Bachelor of Technology)",GM,OPEN,Neutral,11261,11261
"Dayananda Sagar College of Engineering-Kumaraswamy Layout, Bengaluru","Computer Science & Design (4 Years, Bachelor of Technology)",KKR,OPEN,Neutral,31502,31502
"Dayananda Sagar College of Engineering-Kumaraswamy Layout, Bengaluru","Computer Science & Engineering (4 Years, Bachelor of Technology)",GM,OPEN,Neutral,7819,7819
"Dayananda Sagar College of Engineering-Kumaraswamy Layout, Bengaluru","Computer Science & Engineering (4 Years, Bachelor of Technology)",KKR,OPEN,Neutral,18974,18974
"Dayananda Sagar College of Engineering-Kumaraswamy Layout, Bengaluru","Computer Science & Engineering (Cyber Security) (4 Years, Bachelor of Technology)",GM,OPEN,Neutral,9105,9105
"Dayananda Sagar College of Engineering-Kumaraswamy Layout, Bengaluru","Computer Science & Engineering (Cyber Security) (4 Years, Bachelor of Technology)",KKR,OPEN,Neutral,21259,21259
"Dayananda Sagar College of Engineering-Kumaraswamy Layout, Bengaluru","Computer Science & Engineering (Data Science) (4 Years, Bachelor of Technology)",GM,OPEN,Neutral,8322,8322
"Dayananda Sagar College of Engineering-Kumaraswamy Layout, Bengaluru","Computer Science & Engineering (Data Science) (4 Years, Bachelor of Technology)",KKR,OPEN,Neutral,20497,20497
"Dayananda Sagar College of Engineering-Kumaraswamy Layout, Bengaluru","Computer Science & Engineering (IOT & Cyber Security Including Block Chain Technology) (4 Years, Bachelor of Technology)",GM,OPEN,Neutral,10204,10204
"Dayananda Sagar College of Engineering-Kumaraswamy Layout, Bengaluru","Computer Science & Engineering (IOT & Cyber Security Including Block Chain Technology) (4 Years, Bachelor of Technology)",KKR,OPEN,Neutral,25934,25934
"Dayananda Sagar College of Engineering-Kumaraswamy Layout, Bengaluru","Electrical & Electronics Engineering (4 Years, Bachelor of Technology)",GM,OPEN,Neutral,52159,52159
"Dayananda Sagar College of Engineering-Kumaraswamy Layout, Bengaluru","Electrical & Electronics Engineering (4 Years, Bachelor of Technology)",KKR,OPEN,Neutral,52550,52550
"Dayananda Sagar College of Engineering-Kumaraswamy Layout, Bengaluru","Electronics & Comm- unication Engineering (4 Years, Bachelor of Technology)",GM,OPEN,Neutral,6820,6820
"Dayananda Sagar College of Engineering-Kumaraswamy Layout, Bengaluru","Electronics & Comm- unication Engineering (4 Years, Bachelor of Technology)",KKR,OPEN,Neutral,28470,28470
"Dayananda Sagar College of Engineering-Kumaraswamy Layout, Bengaluru","Electronics & Communica- tion Engineering (4 Years, Bachelor of Technology)",GM,OPEN,Neutral,17651,17651
"Dayananda Sagar College of Engineering-Kumaraswamy Layout, Bengaluru","Electronics & Communicati on Engineering (4 Years, Bachelor of Technology)",GM,OPEN,Neutral,10951,10951
"Dayananda Sagar College of Engineering-Kumaraswamy Layout, Bengaluru","Electronics & Communication Engineering (4 Years, Bachelor of Technology)",GM,OPEN,Neutral,16919,16919
"Dayananda Sagar College of Engineering-Kumaraswamy Layout, Bengaluru","Electronics & Communication Engineering (4 Years, Bachelor of Technology)",KKR,OPEN,Neutral,28677,28677
"Dayananda Sagar College of Engineering-Kumaraswamy Layout, Bengaluru","Electronics & Instrumentation Engineering (4 Years, Bachelor of Technology)",GM,OPEN,Neutral,55579,55579
"Dayananda Sagar College of Engineering-Kumaraswamy Layout, Bengaluru","Electronics & Tele comm- unication Engineering (4 Years, Bachelor of Technology)",GM,OPEN,Neutral,10943,10943
"Dayananda Sagar College of Engineering-Kumaraswamy Layout, Bengaluru","Electronics & Tele comm- unication Engineering (4 Years, Bachelor of Technology)",KKR,OPEN,Neutral,38041,38041
"Dayananda Sagar College of Engineering-Kumaraswamy Layout, Bengaluru","Electronics & Telecomm- unication Engineering (4 Years, Bachelor of Technology)",GM,OPEN,Neutral,10958,10958
"Dayananda Sagar College of Engineering-Kumaraswamy Layout, Bengaluru","Electronics & Telecomm- unication Engineering (4 Years, Bachelor of Technology)",KKR,OPEN,Neutral,38041,38041
"Dayananda Sagar College of Engineering-Kumaraswamy Layout, Bengaluru","Electronics & Telecommu- nication Engineering (4 Years, Bachelor of Technology)",GM,OPEN,Neutral,30129,30129
"Dayananda Sagar College of Engineering-Kumaraswamy Layout, Bengaluru","Electronics & Telecommunicati on Engineering (4 Years, Bachelor of Technology)",GM,OPEN,Neutral,42918,42918
"Dayananda Sagar College of Engineering-Kumaraswamy Layout, Bengaluru","Electronics & Telecommunicati on Engineering (4 Years, Bachelor of Technology)",KKR,OPEN,Neutral,74743,74743
"Dayananda Sagar College of Engineering-Kumaraswamy Layout, Bengaluru","Information Science & Engineering (4 Years, Bachelor of Technology)",GM,OPEN,Neutral,10627,10627
"Dayananda Sagar College of Engineering-Kumaraswamy Layout, Bengaluru","Information Science & Engineering (4 Years, Bachelor of Technology)",KKR,OPEN,Neutral,22788,22788
"Dayananda Sagar College of Engineering-Kumaraswamy Layout, Bengaluru","Mechanical Engineering (4 Years, Bachelor of Technology)",GM,OPEN,Neutral,99998,99998
"Dayananda Sagar College of Engineering-Kumaraswamy Layout, Bengaluru","Mechanical Engineering (4 Years, Bachelor of Technology)",KKR,OPEN,Neutral,108484,108484
"Dayananda Sagar College of Engineering-Kumaraswamy Layout, Bengaluru","Medical Electronics Engineering (4 Years, Bachelor of Technology)",GM,OPEN,Neutral,71114,71114
"Dayananda Sagar College of Engineering-Kumaraswamy Layout, Bengaluru","Robotics & Artificial Intelligence (4 Years, Bachelor of Technology)",GM,OPEN,Neutral,12335,12335
"Dayananda Sagar College of Engineering-Kumaraswamy Layout, Bengaluru","Robotics & Artificial Intelligence (4 Years, Bachelor of Technology)",KKR,OPEN,Neutral,32330,32330
"Dr H N National College Of Engineering-Jayanagar, Bengaluru","Artificial Intelligence & Data Science (4 Years, Bachelor of Technology)",GM,OPEN,Neutral,107862,107862
"Dr H N National College Of Engineering-Jayanagar, Bengaluru","Computer Science & Engineering (4 Years, Bachelor of Technology)",GM,OPEN,Neutral,99127,99127
"Dr H N National College Of Engineering-Jayanagar, Bengaluru","Electronics & Comm- unication Engineering (4 Years, Bachelor of Technology)",GM,OPEN,Neutral,104887,104887
"Dr H N National College Of Engineering-Jayanagar, Bengaluru","Information Science & Engineering (4 Years, Bachelor of Technology)",GM,OPEN,Neutral,105378,105378
"Dr. Ambedkar Institute of Technology-Malathahalli, Bengaluru","Aeronautical Engineering (4 Years, Bachelor of Technology)",GM,OPEN,Neutral,107317,107317
"Dr. Ambedkar Institute of Technology-Malathahalli, Bengaluru","Aeronautical Engineering (4 Years, Bachelor of Technology)",KKR,OPEN,Neutral,77003,77003
"Dr. Ambedkar Institute of Technology-Malathahalli, Bengaluru","Artificial Intelligence & Machine Learning (4 Years, Bachelor of Technology)",GM,OPEN,Neutral,84409,84409
"Dr. Ambedkar Institute of Technology-Malathahalli, Bengaluru","Artificial Intelligence & Machine Learning (4 Years, Bachelor of Technology)",KKR,OPEN,Neutral,58887,58887
"Dr. Ambedkar Institute of Technology-Malathahalli, Bengaluru","Civil Engineering (4 Years, Bachelor of Technology)",GM,OPEN,Neutral,65128,65128
"Dr. Ambedkar Institute of Technology-Malathahalli, Bengaluru","Computer Science & Business Systems (4 Years, Bachelor of Technology)",GM,OPEN,Neutral,92155,92155
"Dr. Ambedkar Institute of Technology-Malathahalli, Bengaluru","Computer Science & Business Systems (4 Years, Bachelor of Technology)",KKR,OPEN,Neutral,93900,93900
"Dr. Ambedkar Institute of Technology-Malathahalli, Bengaluru","Computer Science & Engineering (4 Years, Bachelor of Technology)",GM,OPEN,Neutral,82800,82800
"Dr. Ambedkar Institute of Technology-Malathahalli, Bengaluru","Computer Science & Engineering (4 Years, Bachelor of Technology)",KKR,OPEN,Neutral,74549,74549
"Dr. Ambedkar Institute of Technology-Malathahalli, Bengaluru","Computer Science & Engineering (Data Science) (4 Years, Bachelor of Technology)",GM,OPEN,Neutral,110247,110247
"Dr. Ambedkar Institute of Technology-Malathahalli, Bengaluru","Computer Science & Engineering (Data Science) (4 Years, Bachelor of Technology)",KKR,OPEN,Neutral,79646,79646
"Dr. Ambedkar Institute of Technology-Malathahalli, Bengaluru","Electronics & Comm- unication Engineering (4 Years, Bachelor of Technology)",GM,OPEN,Neutral,33879,33879
"Dr. Ambedkar Institute of Technology-Malathahalli, Bengaluru","Electronics & Comm- unication Engineering (4 Years, Bachelor of Technology)",KKR,OPEN,Neutral,89166,89166
"Dr. Ambedkar Institute of Technology-Malathahalli, Bengaluru","Electronics & Communica- tion Engineering (4 Years, Bachelor of Technology)",GM,OPEN,Neutral,84729,84729
"Dr. Ambedkar Institute of Technology-Malathahalli, Bengaluru","Electronics & Communicati on Engineering (4 Years, Bachelor of Technology)",GM,OPEN,Neutral,60654,60654
"Dr. Ambedkar Institute of Technology-Malathahalli, Bengaluru","Electronics & Communication Engineering (4 Years, Bachelor of Technology)",GM,OPEN,Neutral,56222,56222
"Dr. Ambedkar Institute of Technology-Malathahalli, Bengaluru","Electronics & Communication Engineering (4 Years, Bachelor of Technology)",KKR,OPEN,Neutral,64294,64294
"Dr. Ambedkar Institute of Technology-Malathahalli, Bengaluru","Electronics and Comm- unication Engineering (VLSI Design & Technology) (4 Years, Bachelor of Technology)",GM,OPEN,Neutral,40936,40936
"Dr. Ambedkar Institute of Technology-Malathahalli, Bengaluru","Electronics and Comm- unication Engineering (VLSI Design & Technology) (4 Years, Bachelor of Technology)",KKR,OPEN,Neutral,90825,90825
"Dr. Ambedkar Institute of Technology-Malathahalli, Bengaluru","Electronics and Communica- tion Engineering ( VLSI Design & Technology) (4 Years, Bachelor of Technology)",GM,OPEN,Neutral,82112,82112
"Dr. Ambedkar Institute of Technology-Malathahalli, Bengaluru","Electronics and Communica- tion Engineering (V LSI Design & Technology) (4 Years, Bachelor of Technology)",GM,OPEN,Neutral,70725,70725
"Dr. Ambedkar Institute of Technology-Malathahalli, Bengaluru","Information Science & Engineering (4 Years, Bachelor of Technology)",GM,OPEN,Neutral,109945,109945
"Dr. Ambedkar Institute of Technology-Malathahalli, Bengaluru","Information Science & Engineering (4 Years, Bachelor of Technology)",KKR,OPEN,Neutral,102626,102626
"Dr.Shri Shri Shivakumara Mahaswamy College of Engineering-Nelamangala, Bengaluru Rural","Computer Science & Engineering (4 Years, Bachelor of Technology)",GM,OPEN,Neutral,66222,66222
"East Point College of Engineering and Technology- Avalahalli, Bengaluru","Artificial Intelligence & Data Science (4 Years, Bachelor of Technology)",GM,OPEN,Neutral,98557,98557
"East Point College of Engineering and Technology- Avalahalli, Bengaluru","Computer Science & Engineering (4 Years, Bachelor of Technology)",GM,OPEN,Neutral,100510,100510
"East Point College of Engineering and Technology- Avalahalli, Bengaluru","Computer Science & Engineering (4 Years, Bachelor of Technology)",KKR,OPEN,Neutral,94289,94289
"East Point College of Engineering and Technology- Avalahalli, Bengaluru","Computer Science & Engineering (Artificial Intelligence & Machine Learning) (4 Years, Bachelor of Technology)",GM,OPEN,Neutral,47791,47791
"East Point College of Engineering and Technology- Avalahalli, Bengaluru","Computer Science & Engineering (Artificial Intelligence & Machine Learning) (4 Years, Bachelor of Technology)",KKR,OPEN,Neutral,65871,65871
"East Point College of Engineering and Technology- Avalahalli, Bengaluru","Computer Science & Engineering (IOT & Cyber Security Including Block Chain Technology) (4 Years, Bachelor of Technology)",GM,OPEN,Neutral,77102,77102
"East Point College of Engineering and Technology- Avalahalli, Bengaluru","Electronics & Communication Engineering (4 Years, Bachelor of Technology)",GM,OPEN,Neutral,80804,80804
"East Point College of Engineering and Technology- Avalahalli, Bengaluru","Information Science & Engineering (4 Years, Bachelor of Technology)",GM,OPEN,Neutral,87738,87738
"East Point College of Engineering and Technology-Avalahalli, Bengaluru","Computer Science & Engineering (4 Years, Bachelor of Technology)",GM,OPEN,Neutral,87819,87819
"East Point College of Engineering and Technology-Avalahalli, Bengaluru","Computer Science & Engineering (Artificial Intelligence & Machine Learning) (4 Years, Bachelor of Technology)",GM,OPEN,Neutral,110249,110249
"East Point College of Engineering and Technology-Avalahalli, Bengaluru","Computer Science & Engineering (Data Science) (4 Years, Bachelor of Technology)",GM,OPEN,Neutral,104956,104956
"East Point College of Engineering and Technology-Avalahalli, Bengaluru","Computer Science & Engineering (IOT & Cyber Security Including Block Chain Technology) (4 Years, Bachelor of Technology)",GM,OPEN,Neutral,110484,110484
"East Point College of Engineering and Technology-Avalahalli, Bengaluru","Electronics & Comm- unication Engineering (4 Years, Bachelor of Technology)",GM,OPEN,Neutral,75355,75355
"East Point College of Engineering and Technology-Avalahalli, Bengaluru","Electronics & Communica- tion Engineering (4 Years, Bachelor of Technology)",GM,OPEN,Neutral,74935,74935
"East Point College of Engineering and Technology-Avalahalli, Bengaluru","Electronics & Communicati on Engineering (4 Years, Bachelor of Technology)",GM,OPEN,Neutral,74935,74935
"East Point College of Engineering and Technology-Avalahalli, Bengaluru","Information Science & Engineering (4 Years, Bachelor of Technology)",GM,OPEN,Neutral,108885,108885
"East Point College of Engineering and Technology-Avalahalli, Bengaluru","Information Science & Engineering (4 Years, Bachelor of Technology)",KKR,OPEN,Neutral,84027,84027
"East West College of Engineering-Yelahanka, Bengaluru","Aeronautical Engineering (4 Years, Bachelor of Technology)",GM,OPEN,Neutral,106695,106695
"East West College of Engineering-Yelahanka, Bengaluru","Agriculture Engineering Course (4 Years, Bachelor of Technology)",GM,OPEN,Neutral,93611,93611
"East West College of Engineering-Yelahanka, Bengaluru","Computer Science & Engineering (4 Years, Bachelor of Technology)",GM,OPEN,Neutral,81265,81265
"East West College of Engineering-Yelahanka, Bengaluru","Electronics & Comm- unication Engineering (4 Years, Bachelor of Technology)",GM,OPEN,Neutral,106946,106946
"East West College of Engineering-Yelahanka, Bengaluru","Mechanical Engineering (4 Years, Bachelor of Technology)",GM,OPEN,Neutral,106946,106946
"East West Institute of Technology-BEL Layout, Bengaluru","Artificial Intelligence & Data Science (4 Years, Bachelor of Technology)",GM,OPEN,Neutral,95595,95595
"East West Institute of Technology-BEL Layout, Bengaluru","Artificial Intelligence & Data Science (4 Years, Bachelor of Technology)",KKR,OPEN,Neutral,65407,65407
"East West Institute of Technology-BEL Layout, Bengaluru","Artificial Intelligence & Machine Learning (4 Years, Bachelor of Technology)",GM,OPEN,Neutral,108498,108498
"East West Institute of Technology-BEL Layout, Bengaluru","Civil Engineering (4 Years, Bachelor of Technology)",GM,OPEN,Neutral,110360,110360
"East West Institute of Technology-BEL Layout, Bengaluru","Computer Science & Engineering (4 Years, Bachelor of Technology)",GM,OPEN,Neutral,110697,110697
"East West Institute of Technology-BEL Layout, Bengaluru","Computer Science & Engineering (4 Years, Bachelor of Technology)",KKR,OPEN,Neutral,91622,91622
"East West Institute of Technology-BEL Layout, Bengaluru","Computer Science & Engineering (Artificial Intelligence & Machine Learning) (4 Years, Bachelor of Technology)",GM,OPEN,Neutral,94434,94434
"East West Institute of Technology-BEL Layout, Bengaluru","Computer Science & Engineering (IOT & Cyber Security Including Block Chain Technology) (4 Years, Bachelor of Technology)",GM,OPEN,Neutral,50857,50857
"East West Institute of Technology-BEL Layout, Bengaluru","Electrical & Electronics Engineering (4 Years, Bachelor of Technology)",GM,OPEN,Neutral,109696,109696
"East West Institute of Technology-BEL Layout, Bengaluru","Electronics & Comm- unication Engineering (4 Years, Bachelor of Technology)",GM,OPEN,Neutral,93759,93759
"East West Institute of Technology-BEL Layout, Bengaluru","Electronics & Communicati on Engineering (4 Years, Bachelor of Technology)",GM,OPEN,Neutral,69091,69091
"East West Institute of Technology-BEL Layout, Bengaluru","Electronics & Communication Engineering (4 Years, Bachelor of Technology)",GM,OPEN,Neutral,68031,68031
"East West Institute of Technology-BEL Layout, Bengaluru","Electronics & Computer Engineering (4 Years, Bachelor of Technology)",GM,OPEN,Neutral,71964,71964
"East West Institute of Technology-BEL Layout, Bengaluru","Information Science & Engineering (4 Years, Bachelor of Technology)",GM,OPEN,Neutral,110647,110647
"East West Institute of Technology-BEL Layout, Bengaluru","Mechanical Engineering (4 Years, Bachelor of Technology)",GM,OPEN,Neutral,104180,104180
"G Madegowda Institute of Technology-Maddur, Mandya District","Electronics & Comm- unication Engineering (4 Years, Bachelor of Technology)",GM,OPEN,Neutral,91504,91504
"GITAM Deemed to be University-Dodaballapur taluk, Bengaluru","Civil Engineering with Computer Application (4 Years, Bachelor of Technology)",GM,OPEN,Neutral,92790,92790
"GITAM Deemed to be University-Dodaballapur taluk, Bengaluru","Computer Science & Business Systems (4 Years, Bachelor of Technology)",GM,OPEN,Neutral,53185,53185
"GITAM Deemed to be University-Dodaballapur taluk, Bengaluru","Computer Science & Engineering (4 Years, Bachelor of Technology)",GM,OPEN,Neutral,32484,32484
"GITAM Deemed to be University-Dodaballapur taluk, Bengaluru","Computer Science & Engineering (4 Years, Bachelor of Technology)",KKR,OPEN,Neutral,58837,58837
"GITAM Deemed to be University-Dodaballapur taluk, Bengaluru","Computer Science & Engineering (Artificial Intelligence & Machine Learning) (4 Years, Bachelor of Technology)",GM,OPEN,Neutral,38125,38125
"GITAM Deemed to be University-Dodaballapur taluk, Bengaluru","Computer Science & Engineering (Artificial Intelligence & Machine Learning) (4 Years, Bachelor of Technology)",KKR,OPEN,Neutral,71243,71243
"GITAM Deemed to be University-Dodaballapur taluk, Bengaluru","Computer Science & Engineering (Cyber Security) (4 Years, Bachelor of Technology)",GM,OPEN,Neutral,56380,56380
"GITAM Deemed to be University-Dodaballapur taluk, Bengaluru","Computer Science & Engineering (Cyber Security) (4 Years, Bachelor of Technology)",KKR,OPEN,Neutral,81199,81199
"GITAM Deemed to be University-Dodaballapur taluk, Bengaluru","Computer Science & Engineering (Data Science) (4 Years, Bachelor of Technology)",GM,OPEN,Neutral,53533,53533
"GITAM Deemed to be University-Dodaballapur taluk, Bengaluru","Computer Science & Engineering (Data Science) (4 Years, Bachelor of Technology)",KKR,OPEN,Neutral,107333,107333
"GITAM Deemed to be University-Dodaballapur taluk, Bengaluru","Electrical & Computer Engineering (4 Years, Bachelor of Technology)",GM,OPEN,Neutral,99933,99933
"GITAM Deemed to be University-Dodaballapur taluk, Bengaluru","Electrical & Computer Engineering (4 Years, Bachelor of Technology)",KKR,OPEN,Neutral,107980,107980
"GITAM Deemed to be University-Dodaballapur taluk, Bengaluru","Electronics & Comm- unication Engineering (4 Years, Bachelor of Technology)",GM,OPEN,Neutral,18609,18609
"GITAM Deemed to be University-Dodaballapur taluk, Bengaluru","Electronics & Comm- unication Engineering (4 Years, Bachelor of Technology)",KKR,OPEN,Neutral,99036,99036
"GITAM Deemed to be University-Dodaballapur taluk, Bengaluru","Electronics & Communica- tion Engineering (4 Years, Bachelor of Technology)",GM,OPEN,Neutral,75265,75265
"GITAM Deemed to be University-Dodaballapur taluk, Bengaluru","Electronics & Communicati on Engineering (4 Years, Bachelor of Technology)",GM,OPEN,Neutral,37265,37265
"GITAM Deemed to be University-Dodaballapur taluk, Bengaluru","Electronics & Communication Engineering (4 Years, Bachelor of Technology)",GM,OPEN,Neutral,7527,7527
"GITAM Deemed to be University-Dodaballapur taluk, Bengaluru","Electronics Engineering (VLSI Design & Technology) (4 Years, Bachelor of Technology)",GM,OPEN,Neutral,81522,81522
"GITAM Deemed to be University-Dodaballapur taluk, Bengaluru","Mechanical Engineering (4 Years, Bachelor of Technology)",GM,OPEN,Neutral,107616,107616
"GITAM Deemed to be University-Dodaballapur taluk, Bengaluru","Robotics & Artificial Intelligence (4 Years, Bachelor of Technology)",GM,OPEN,Neutral,86220,86220
"GITAM Deemed to be University-Dodaballapur taluk, Bengaluru","Robotics & Artificial Intelligence (4 Years, Bachelor of Technology)",KKR,OPEN,Neutral,66293,66293
"GM Institute of Technology-P B Road, Davangere","Artificial Intelligence & Machine Learning (4 Years, Bachelor of Technology)",GM,OPEN,Neutral,109969,109969
"GM Institute of Technology-P B Road, Davangere","Computer Science & Engineering (4 Years, Bachelor of Technology)",GM,OPEN,Neutral,110850,110850
"GM Institute of Technology-P B Road, Davangere","Electronics & Comm- unication Engineering (4 Years, Bachelor of Technology)",GM,OPEN,Neutral,108985,108985
"GM Institute of Technology-P B Road, Davangere","Information Science & Engineering (4 Years, Bachelor of Technology)",GM,OPEN,Neutral,78191,78191
"GSSS Institute of Engineering and Technology for Women- Metagalli, Mysuru","Artificial Intelligence & Data Science (4 Years, Bachelor of Technology)",GM,OPEN,Neutral,85755,85755
"GSSS Institute of Engineering and Technology for Women- Metagalli, Mysuru","Computer Science & Engineering (4 Years, Bachelor of Technology)",GM,OPEN,Neutral,35762,35762
"GSSS Institute of Engineering and Technology for Women- Metagalli, Mysuru","Computer Science & Engineering (4 Years, Bachelor of Technology)",KKR,OPEN,Neutral,76492,76492
"GSSS Institute of Engineering and Technology for Women- Metagalli, Mysuru","Computer Science & Engineering (Artificial Intelligence & Machine Learning) (4 Years, Bachelor of Technology)",GM,OPEN,Neutral,66182,66182
"GSSS Institute of Engineering and Technology for Women- Metagalli, Mysuru","Electronics & Communication Engineering (4 Years, Bachelor of Technology)",GM,OPEN,Neutral,99684,99684
"GSSS Institute of Engineering and Technology for Women- Metagalli, Mysuru","Information Science & Engineering (4 Years, Bachelor of Technology)",GM,OPEN,Neutral,69773,69773
"GSSS Institute of Engineering and Technology for Women-Metagalli, Mysuru","Artificial Intelligence & Data Science (4 Years, Bachelor of Technology)",GM,OPEN,Neutral,74720,74720
"GSSS Institute of Engineering and Technology for Women-Metagalli, Mysuru","Artificial Intelligence & Data Science (4 Years, Bachelor of Technology)",KKR,OPEN,Neutral,97455,97455
"GSSS Institute of Engineering and Technology for Women-Metagalli, Mysuru","Computer Science & Engineering (4 Years, Bachelor of Technology)",GM,OPEN,Neutral,54607,54607
"GSSS Institute of Engineering and Technology for Women-Metagalli, Mysuru","Computer Science & Engineering (4 Years, Bachelor of Technology)",KKR,OPEN,Neutral,95894,95894
"GSSS Institute of Engineering and Technology for Women-Metagalli, Mysuru","Computer Science & Engineering (Artificial Intelligence & Machine Learning) (4 Years, Bachelor of Technology)",GM,OPEN,Neutral,56718,56718
"GSSS Institute of Engineering and Technology for Women-Metagalli, Mysuru","Computer Science & Engineering (Artificial Intelligence & Machine Learning) (4 Years, Bachelor of Technology)",KKR,OPEN,Neutral,103167,103167
"GSSS Institute of Engineering and Technology for Women-Metagalli, Mysuru","Electronics & Comm- unication Engineering (4 Years, Bachelor of Technology)",GM,OPEN,Neutral,72244,72244
"GSSS Institute of Engineering and Technology for Women-Metagalli, Mysuru","Electronics & Communica- tion Engineering (4 Years, Bachelor of Technology)",GM,OPEN,Neutral,102442,102442
"GSSS Institute of Engineering and Technology for Women-Metagalli, Mysuru","Electronics & Communicati on Engineering (4 Years, Bachelor of Technology)",GM,OPEN,Neutral,110904,110904
"GSSS Institute of Engineering and Technology for Women-Metagalli, Mysuru","Information Science & Engineering (4 Years, Bachelor of Technology)",GM,OPEN,Neutral,88717,88717
"GSSS Institute of Engineering and Technology for Women-Metagalli, Mysuru","Information Science & Engineering (4 Years, Bachelor of Technology)",KKR,OPEN,Neutral,95894,95894
"Garden City University-Old Madras Road, Bengaluru","Computer Science & Engineering (4 Years, Bachelor of Technology)",GM,OPEN,Neutral,106127,106127
"Garden City University-Old Madras Road, Bengaluru","Computer Science & Technology (4 Years, Bachelor of Technology)",GM,OPEN,Neutral,99891,99891
"Garden City University-Old Madras Road, Bengaluru","Computer Science (4 Years, Bachelor of Technology)",GM,OPEN,Neutral,78524,78524
"Garden City University-Old Madras Road, Bengaluru","Electronics Engineering (VLSI Design & Technology) (4 Years, Bachelor of Technology)",GM,OPEN,Neutral,71865,71865
"Garden City University-Old Madras Road, Bengaluru","Information Science & Engineering (4 Years, Bachelor of Technology)",GM,OPEN,Neutral,106433,106433
"Garden City University-Old Madras Road, Bengaluru","Information Technology (4 Years, Bachelor of Technology)",GM,OPEN,Neutral,109154,109154
"Garden City University-Old Madras Road, Bengaluru","Robotics (4 Years, Bachelor of Technology)",GM,OPEN,Neutral,73658,73658
"Global Academy of Technology-Rajarajeshwari Nagar, Bengaluru","Aeronautical Engineering (4 Years, Bachelor of Technology)",GM,OPEN,Neutral,98787,98787
"Global Academy of Technology-Rajarajeshwari Nagar, Bengaluru","Artificial Intelligence & Data Science (4 Years, Bachelor of Technology)",GM,OPEN,Neutral,80207,80207
"Global Academy of Technology-Rajarajeshwari Nagar, Bengaluru","Artificial Intelligence & Data Science (4 Years, Bachelor of Technology)",KKR,OPEN,Neutral,98558,98558
"Global Academy of Technology-Rajarajeshwari Nagar, Bengaluru","Artificial Intelligence & Machine Learning (4 Years, Bachelor of Technology)",GM,OPEN,Neutral,99801,99801
"Global Academy of Technology-Rajarajeshwari Nagar, Bengaluru","Artificial Intelligence & Machine Learning (4 Years, Bachelor of Technology)",KKR,OPEN,Neutral,104865,104865
"Global Academy of Technology-Rajarajeshwari Nagar, Bengaluru","Civil Engineering (4 Years, Bachelor of Technology)",GM,OPEN,Neutral,104120,104120
"Global Academy of Technology-Rajarajeshwari Nagar, Bengaluru","Computer Science & Engineering (4 Years, Bachelor of Technology)",GM,OPEN,Neutral,110697,110697
"Global Academy of Technology-Rajarajeshwari Nagar, Bengaluru","Computer Science & Engineering (4 Years, Bachelor of Technology)",KKR,OPEN,Neutral,107333,107333
"Global Academy of Technology-Rajarajeshwari Nagar, Bengaluru","Computer Science & Engineering (Artificial Intelligence & Machine Learning) (4 Years, Bachelor of Technology)",GM,OPEN,Neutral,94669,94669
"Global Academy of Technology-Rajarajeshwari Nagar, Bengaluru","Computer Science & Engineering (Artificial Intelligence & Machine Learning) (4 Years, Bachelor of Technology)",KKR,OPEN,Neutral,100293,100293
"Global Academy of Technology-Rajarajeshwari Nagar, Bengaluru","Electrical & Electronics Engineering (4 Years, Bachelor of Technology)",GM,OPEN,Neutral,104274,104274
"Global Academy of Technology-Rajarajeshwari Nagar, Bengaluru","Electronics & Comm- unication Engineering (4 Years, Bachelor of Technology)",GM,OPEN,Neutral,74893,74893
"Global Academy of Technology-Rajarajeshwari Nagar, Bengaluru","Electronics & Communica- tion Engineering (4 Years, Bachelor of Technology)",GM,OPEN,Neutral,74350,74350
"Global Academy of Technology-Rajarajeshwari Nagar, Bengaluru","Electronics & Communicati on Engineering (4 Years, Bachelor of Technology)",GM,OPEN,Neutral,111800,111800
"Global Academy of Technology-Rajarajeshwari Nagar, Bengaluru","Electronics & Communication Engineering (4 Years, Bachelor of Technology)",GM,OPEN,Neutral,95307,95307
"Global Academy of Technology-Rajarajeshwari Nagar, Bengaluru","Electronics & Communication Engineering (4 Years, Bachelor of Technology)",KKR,OPEN,Neutral,95763,95763
"Global Academy of Technology-Rajarajeshwari Nagar, Bengaluru","Information Science & Engineering (4 Years, Bachelor of Technology)",GM,OPEN,Neutral,101196,101196
"Global Academy of Technology-Rajarajeshwari Nagar, Bengaluru","Information Science & Engineering (4 Years, Bachelor of Technology)",KKR,OPEN,Neutral,104865,104865
"Global Academy of Technology-Rajarajeshwari Nagar, Bengaluru","Mechanical Engineering (4 Years, Bachelor of Technology)",GM,OPEN,Neutral,94278,94278
"Gopalan College of Engineering And Management- Whitefield, Bengaluru","Aeronautical Engineering (4 Years, Bachelor of Technology)",GM,OPEN,Neutral,57177,57177
"Gopalan College of Engineering And Management- Whitefield, Bengaluru","Computer Science & Engineering (4 Years, Bachelor of Technology)",GM,OPEN,Neutral,75233,75233
"Gopalan College of Engineering And Management- Whitefield, Bengaluru","Computer Science & Engineering (Artificial Intelligence & Machine Learning) (4 Years, Bachelor of Technology)",GM,OPEN,Neutral,98592,98592
"Gopalan College of Engineering And Management- Whitefield, Bengaluru","Information Science & Engineering (4 Years, Bachelor of Technology)",GM,OPEN,Neutral,98511,98511
"Gopalan College of Engineering And Management-Whitefield, Bengaluru","Computer Science & Engineering (4 Years, Bachelor of Technology)",GM,OPEN,Neutral,101116,101116
"Gopalan College of Engineering And Management-Whitefield, Bengaluru","Computer Science & Engineering (Artificial Intelligence & Machine Learning) (4 Years, Bachelor of Technology)",GM,OPEN,Neutral,110929,110929
"Gopalan College of Engineering And Management-Whitefield, Bengaluru","Computer Science & Engineering (Data Science) (4 Years, Bachelor of Technology)",GM,OPEN,Neutral,90783,90783
"Gopalan College of Engineering And Management-Whitefield, Bengaluru","Electronics & Communicati on Engineering (4 Years, Bachelor of Technology)",GM,OPEN,Neutral,90597,90597
"Gopalan College of Engineering And Management-Whitefield, Bengaluru","Information Science & Engineering (4 Years, Bachelor of Technology)",GM,OPEN,Neutral,110929,110929
"H.K.E. Societys Sir M. Visvesvaraya College of Engineering-Yermarus Camp, Raichur","Computer Science & Engineering (4 Years, Bachelor of Technology)",GM,OPEN,Neutral,58851,58851
"H.K.E.Societys P.D.A. College of Engineering-Aiwan E Shahi area, Kalaburgi","Artificial Intelligence & Machine Learning (4 Years, Bachelor of Technology)",GM,OPEN,Neutral,99650,99650
"H.K.E.Societys P.D.A. College of Engineering-Aiwan E Shahi area, Kalaburgi","Artificial Intelligence & Machine Learning (4 Years, Bachelor of Technology)",KKR,OPEN,Neutral,91238,91238
"H.K.E.Societys P.D.A. College of Engineering-Aiwan E Shahi area, Kalaburgi","Computer Science & Design (4 Years, Bachelor of Technology)",GM,OPEN,Neutral,89470,89470
"H.K.E.Societys P.D.A. College of Engineering-Aiwan E Shahi area, Kalaburgi","Computer Science & Engineering (4 Years, Bachelor of Technology)",GM,OPEN,Neutral,106601,106601
"H.K.E.Societys P.D.A. College of Engineering-Aiwan E Shahi area, Kalaburgi","Computer Science & Engineering (4 Years, Bachelor of Technology)",KKR,OPEN,Neutral,90766,90766
"H.K.E.Societys P.D.A. College of Engineering-Aiwan E Shahi area, Kalaburgi","Electronics & Comm- unication Engineering (4 Years, Bachelor of Technology)",GM,OPEN,Neutral,111612,111612
"Harsha Institute of Technology-Nelamangala Taluk, Bangalore Rural","Computer Science & Engineering (4 Years, Bachelor of Technology)",GM,OPEN,Neutral,111675,111675
"Harsha Institute of Technology-Nelamangala Taluk, Bangalore Rural","Computer Science & Engineering (Artificial Intelligence & Machine Learning) (4 Years, Bachelor of Technology)",GM,OPEN,Neutral,110476,110476
"Harsha Institute of Technology-Nelamangala Taluk, Bangalore Rural","Computer Science & Engineering (Cyber Security) (4 Years, Bachelor of Technology)",GM,OPEN,Neutral,98687,98687
"Harsha Institute of Technology-Nelamangala Taluk, Bangalore Rural","Computer Science & Engineering (Data Science) (4 Years, Bachelor of Technology)",GM,OPEN,Neutral,111222,111222
"Harsha Institute of Technology-Nelamangala Taluk, Bangalore Rural","Electronics & Comm- unication Engineering (4 Years, Bachelor of Technology)",GM,OPEN,Neutral,82772,82772
"Harsha Institute of Technology-Nelamangala Taluk, Bangalore Rural","Electronics & Communicati on Engineering (4 Years, Bachelor of Technology)",GM,OPEN,Neutral,110173,110173
"Harsha Institute of Technology-Nelamangala Taluk, Bangalore Rural","Information Science & Engineering (4 Years, Bachelor of Technology)",GM,OPEN,Neutral,108273,108273
"JSS Academy of Technical Education-Kengeri Main Road, Bengaluru","Civil Engineering (4 Years, Bachelor of Technology)",GM,OPEN,Neutral,78471,78471
"JSS Academy of Technical Education-Kengeri Main Road, Bengaluru","Computer Science & Engineering (4 Years, Bachelor of Technology)",GM,OPEN,Neutral,61469,61469
"JSS Academy of Technical Education-Kengeri Main Road, Bengaluru","Computer Science & Engineering (4 Years, Bachelor of Technology)",KKR,OPEN,Neutral,88206,88206
"JSS Academy of Technical Education-Kengeri Main Road, Bengaluru","Computer Science & Engineering (Artificial Intelligence & Machine Learning) (4 Years, Bachelor of Technology)",GM,OPEN,Neutral,68949,68949
"JSS Academy of Technical Education-Kengeri Main Road, Bengaluru","Computer Science & Engineering (Artificial Intelligence & Machine Learning) (4 Years, Bachelor of Technology)",KKR,OPEN,Neutral,90991,90991
"JSS Academy of Technical Education-Kengeri Main Road, Bengaluru","Electronics & Comm- unication Engineering (4 Years, Bachelor of Technology)",GM,OPEN,Neutral,32405,32405
"JSS Academy of Technical Education-Kengeri Main Road, Bengaluru","Electronics & Comm- unication Engineering (4 Years, Bachelor of Technology)",KKR,OPEN,Neutral,102464,102464
"JSS Academy of Technical Education-Kengeri Main Road, Bengaluru","Electronics & Communica- tion Engineering (4 Years, Bachelor of Technology)",GM,OPEN,Neutral,110026,110026
"JSS Academy of Technical Education-Kengeri Main Road, Bengaluru","Electronics & Communicati on Engineering (4 Years, Bachelor of Technology)",GM,OPEN,Neutral,56738,56738
"JSS Academy of Technical Education-Kengeri Main Road, Bengaluru","Electronics & Communication Engineering (4 Years, Bachelor of Technology)",GM,OPEN,Neutral,60050,60050
"JSS Academy of Technical Education-Kengeri Main Road, Bengaluru","Electronics & Communication Engineering (4 Years, Bachelor of Technology)",KKR,OPEN,Neutral,71154,71154
"JSS Academy of Technical Education-Kengeri Main Road, Bengaluru","Electronics & Instru- mentation Engineering (4 Years, Bachelor of Technology)",GM,OPEN,Neutral,42981,42981
"JSS Academy of Technical Education-Kengeri Main Road, Bengaluru","Electronics & Instrumentati on Engineering (4 Years, Bachelor of Technology)",GM,OPEN,Neutral,82291,82291
"JSS Academy of Technical Education-Kengeri Main Road, Bengaluru","Electronics & Instrumentation Engineering (4 Years, Bachelor of Technology)",GM,OPEN,Neutral,47943,47943
"JSS Academy of Technical Education-Kengeri Main Road, Bengaluru","Information Science & Engineering (4 Years, Bachelor of Technology)",GM,OPEN,Neutral,107604,107604
"JSS Academy of Technical Education-Kengeri Main Road, Bengaluru","Information Science & Engineering (4 Years, Bachelor of Technology)",KKR,OPEN,Neutral,93651,93651
"JSS Academy of Technical Education-Kengeri Main Road, Bengaluru","Mechanical Engineering (4 Years, Bachelor of Technology)",GM,OPEN,Neutral,97000,97000
"JSS Academy of Technical Education-Kengeri Main Road, Bengaluru","Robotics & Automation (4 Years, Bachelor of Technology)",GM,OPEN,Neutral,100246,100246
"JSS Academy of Technical Education-Kengeri Main Road, Bengaluru","Robotics & Automation (4 Years, Bachelor of Technology)",KKR,OPEN,Neutral,101252,101252
JSS Science and Technology University-Mysuru,"Bio technology (4 Years, Bachelor of Technology)",GM,OPEN,Neutral,48669,48669
JSS Science and Technology University-Mysuru,"Bio technology (4 Years, Bachelor of Technology)",KKR,OPEN,Neutral,93008,93008
JSS Science and Technology University-Mysuru,"Bio- technology (4 Years, Bachelor of Technology)",GM,OPEN,Neutral,109696,109696
JSS Science and Technology University-Mysuru,"Bio- technology (4 Years, Bachelor of Technology)",KKR,OPEN,Neutral,81543,81543
JSS Science and Technology University-Mysuru,"Biotechnology (4 Years, Bachelor of Technology)",GM,OPEN,Neutral,98970,98970
JSS Science and Technology University-Mysuru,"Civil Engineering (4 Years, Bachelor of Technology)",GM,OPEN,Neutral,109696,109696
JSS Science and Technology University-Mysuru,"Civil Engineering (4 Years, Bachelor of Technology)",KKR,OPEN,Neutral,84969,84969
JSS Science and Technology University-Mysuru,"Computer Science & Business Systems (4 Years, Bachelor of Technology)",GM,OPEN,Neutral,26967,26967
JSS Science and Technology University-Mysuru,"Computer Science & Business Systems (4 Years, Bachelor of Technology)",KKR,OPEN,Neutral,31762,31762
JSS Science and Technology University-Mysuru,"Computer Science & Engineering (4 Years, Bachelor of Technology)",GM,OPEN,Neutral,15742,15742
JSS Science and Technology University-Mysuru,"Computer Science & Engineering (4 Years, Bachelor of Technology)",KKR,OPEN,Neutral,24156,24156
JSS Science and Technology University-Mysuru,"Computer Science & Engineering (Artificial Intelligence & Machine Learning) (4 Years, Bachelor of Technology)",GM,OPEN,Neutral,16101,16101
JSS Science and Technology University-Mysuru,"Computer Science & Engineering (Artificial Intelligence & Machine Learning) (4 Years, Bachelor of Technology)",KKR,OPEN,Neutral,24850,24850
JSS Science and Technology University-Mysuru,"Information Science & Engineering (4 Years, Bachelor of Technology)",GM,OPEN,Neutral,26486,26486
JSS Science and Technology University-Mysuru,"Information Science & Engineering (4 Years, Bachelor of Technology)",KKR,OPEN,Neutral,31564,31564
JSS Science and Technology University-Mysuru,"Mechanical Engineering (4 Years, Bachelor of Technology)",GM,OPEN,Neutral,93758,93758
"Jain College of Engineering and Research-Udyambag, Belagavi","Civil Engineering (4 Years, Bachelor of Technology)",GM,OPEN,Neutral,64792,64792
"Jain College of Engineering and Research-Udyambag, Belagavi","Computer Science & Engineering (4 Years, Bachelor of Technology)",GM,OPEN,Neutral,110996,110996
"Jain College of Engineering and Research-Udyambag, Belagavi","Computer Science & Engineering (Artificial Intelligence & Machine Learning) (4 Years, Bachelor of Technology)",GM,OPEN,Neutral,110588,110588
"Jain College of Engineering and Research-Udyambag, Belagavi","Electronics & Comm- unication Engineering (4 Years, Bachelor of Technology)",GM,OPEN,Neutral,109976,109976
"Jain College of Engineering and Research-Udyambag, Belagavi","Electronics & Communicati on Engineering (4 Years, Bachelor of Technology)",GM,OPEN,Neutral,77514,77514
"Jain College of Engineering and Research-Udyambag, Belagavi","Electronics & Communication Engineering (4 Years, Bachelor of Technology)",GM,OPEN,Neutral,93749,93749
"Jain College of Engineering and Research-Udyambag, Belagavi","Mechanical Engineering (4 Years, Bachelor of Technology)",GM,OPEN,Neutral,109403,109403
"Jain College of Engineering and Technology-Unkal, Hubballi","Artificial Intelligence & Machine Learning (4 Years, Bachelor of Technology)",GM,OPEN,Neutral,108652,108652
"Jain College of Engineering and Technology-Unkal, Hubballi","Civil Engineering (4 Years, Bachelor of Technology)",GM,OPEN,Neutral,92556,92556
"Jain College of Engineering and Technology-Unkal, Hubballi","Computer Science & Engineering (4 Years, Bachelor of Technology)",GM,OPEN,Neutral,99653,99653
"Jain College of Engineering and Technology-Unkal, Hubballi","Computer Science & Engineering (4 Years, Bachelor of Technology)",KKR,OPEN,Neutral,108783,108783
"Jain College of Engineering and Technology-Unkal, Hubballi","Electronics & Comm- unication Engineering (4 Years, Bachelor of Technology)",GM,OPEN,Neutral,106996,106996
"Jain College of Engineering and Technology-Unkal, Hubballi","Electronics & Communica- tion Engineering (4 Years, Bachelor of Technology)",GM,OPEN,Neutral,89005,89005
"Jain College of Engineering and Technology-Unkal, Hubballi","Electronics & Communicati on Engineering (4 Years, Bachelor of Technology)",GM,OPEN,Neutral,89005,89005
"Jain College of Engineering and Technology-Unkal, Hubballi","Electronics & Communication Engineering (4 Years, Bachelor of Technology)",GM,OPEN,Neutral,55433,55433
"Jain College of Engineering and Technology-Unkal, Hubballi","Mechanical Engineering (4 Years, Bachelor of Technology)",GM,OPEN,Neutral,94292,94292
"Jain College of Engineering-T.S Nagar, Belagavi","Computer Science & Engineering (4 Years, Bachelor of Technology)",GM,OPEN,Neutral,110288,110288
"Jain College of Engineering-T.S Nagar, Belagavi","Computer Science & Engineering (Artificial Intelligence & Machine Learning) (4 Years, Bachelor of Technology)",GM,OPEN,Neutral,96545,96545
"Jain College of Engineering-T.S Nagar, Belagavi","Electrical & Electronics Engineering (4 Years, Bachelor of Technology)",GM,OPEN,Neutral,62525,62525
"Jain College of Engineering-T.S Nagar, Belagavi","Electronics & Comm- unication Engineering (4 Years, Bachelor of Technology)",GM,OPEN,Neutral,110628,110628
"Jain College of Engineering-T.S Nagar, Belagavi","Electronics & Communicati on Engineering (4 Years, Bachelor of Technology)",GM,OPEN,Neutral,79925,79925
"Jain College of Engineering-T.S Nagar, Belagavi","Electronics & Communication Engineering (4 Years, Bachelor of Technology)",GM,OPEN,Neutral,55029,55029
"Jain College of Engineering-T.S Nagar, Belagavi","Mechanical Engineering (4 Years, Bachelor of Technology)",GM,OPEN,Neutral,74817,74817
"Jain Institute of Technology-Avaragere Village, Davangere","Artificial Intelligence & Machine Learning (4 Years, Bachelor of Technology)",GM,OPEN,Neutral,95179,95179
"Jain Institute of Technology-Avaragere Village, Davangere","Computer Science & Engineering (4 Years, Bachelor of Technology)",GM,OPEN,Neutral,110850,110850
"Jawaharlal Nehru New College of Engineering JNNCE- Swalanga Road, Shivamogga","Artificial Intelligence & Machine Learning (4 Years, Bachelor of Technology)",GM,OPEN,Neutral,86450,86450
"Jawaharlal Nehru New College of Engineering JNNCE- Swalanga Road, Shivamogga","Computer Science & Engineering (4 Years, Bachelor of Technology)",GM,OPEN,Neutral,66504,66504
"Jawaharlal Nehru New College of Engineering JNNCE- Swalanga Road, Shivamogga","Computer Science & Engineering (Data Science) (4 Years, Bachelor of Technology)",GM,OPEN,Neutral,79577,79577
"Jawaharlal Nehru New College of Engineering JNNCE- Swalanga Road, Shivamogga","Electronics & Communication Engineering (4 Years, Bachelor of Technology)",GM,OPEN,Neutral,92231,92231
"Jawaharlal Nehru New College of Engineering JNNCE- Swalanga Road, Shivamogga","Information Science & Engineering (4 Years, Bachelor of Technology)",GM,OPEN,Neutral,96532,96532
"Jawaharlal Nehru New College of Engineering JNNCE- Swalanga Road, Shivamogga","Robotics & Artificial Intelligence (4 Years, Bachelor of Technology)",GM,OPEN,Neutral,94431,94431
"Jawaharlal Nehru New College of Engineering JNNCE-Swalanga Road, Shivamogga","Artificial Intelligence & Machine Learning (4 Years, Bachelor of Technology)",GM,OPEN,Neutral,101886,101886
"Jawaharlal Nehru New College of Engineering JNNCE-Swalanga Road, Shivamogga","Civil Engineering (4 Years, Bachelor of Technology)",GM,OPEN,Neutral,103564,103564
"Jawaharlal Nehru New College of Engineering JNNCE-Swalanga Road, Shivamogga","Computer Science & Engineering (4 Years, Bachelor of Technology)",GM,OPEN,Neutral,101301,101301
"Jawaharlal Nehru New College of Engineering JNNCE-Swalanga Road, Shivamogga","Computer Science & Engineering (4 Years, Bachelor of Technology)",KKR,OPEN,Neutral,93683,93683
"Jawaharlal Nehru New College of Engineering JNNCE-Swalanga Road, Shivamogga","Computer Science & Engineering (Data Science) (4 Years, Bachelor of Technology)",GM,OPEN,Neutral,104928,104928
"Jawaharlal Nehru New College of Engineering JNNCE-Swalanga Road, Shivamogga","Electrical & Electronics Engineering (4 Years, Bachelor of Technology)",GM,OPEN,Neutral,108163,108163
"Jawaharlal Nehru New College of Engineering JNNCE-Swalanga Road, Shivamogga","Electronics & Comm- unication Engineering (4 Years, Bachelor of Technology)",GM,OPEN,Neutral,96890,96890
"Jawaharlal Nehru New College of Engineering JNNCE-Swalanga Road, Shivamogga","Electronics & Communicati on Engineering (4 Years, Bachelor of Technology)",GM,OPEN,Neutral,75336,75336
"Jawaharlal Nehru New College of Engineering JNNCE-Swalanga Road, Shivamogga","Electronics & Tele comm- unication Engineering (4 Years, Bachelor of Technology)",GM,OPEN,Neutral,63912,63912
"Jawaharlal Nehru New College of Engineering JNNCE-Swalanga Road, Shivamogga","Electronics & Telecomm- unication Engineering (4 Years, Bachelor of Technology)",GM,OPEN,Neutral,108641,108641
"Jawaharlal Nehru New College of Engineering JNNCE-Swalanga Road, Shivamogga","Information Science & Engineering (4 Years, Bachelor of Technology)",GM,OPEN,Neutral,108163,108163
"Jawaharlal Nehru New College of Engineering JNNCE-Swalanga Road, Shivamogga","Mechanical Engineering (4 Years, Bachelor of Technology)",GM,OPEN,Neutral,82197,82197
"Jawaharlal Nehru New College of Engineering JNNCE-Swalanga Road, Shivamogga","Robotics & Artificial Intelligence (4 Years, Bachelor of Technology)",GM,OPEN,Neutral,110685,110685
"Jnana Vikas Institute of Technology-Bidadi, Ramnagar Taluk, Bengaluru Rural","Computer Science & Engineering (4 Years, Bachelor of Technology)",GM,OPEN,Neutral,83664,83664
"Jyothy Institute of Technology-Tathguni, Bengaluru","Artificial Intelligence & Machine Learning (4 Years, Bachelor of Technology)",GM,OPEN,Neutral,109781,109781
"Jyothy Institute of Technology-Tathguni, Bengaluru","Computer Science & Engineering (4 Years, Bachelor of Technology)",GM,OPEN,Neutral,110829,110829
"Jyothy Institute of Technology-Tathguni, Bengaluru","Electronics & Comm- unication Engineering (4 Years, Bachelor of Technology)",GM,OPEN,Neutral,110537,110537
"Jyothy Institute of Technology-Tathguni, Bengaluru","Information Science & Engineering (4 Years, Bachelor of Technology)",GM,OPEN,Neutral,109278,109278
"Jyothy Institute of Technology-Tathguni, Bengaluru","Information Science & Engineering (4 Years, Bachelor of Technology)",KKR,OPEN,Neutral,100326,100326
"Jyothy Institute of Technology-Tathguni, Bengaluru","Mechanical Engineering (4 Years, Bachelor of Technology)",GM,OPEN,Neutral,104180,104180
"K L E Institute of Technology-Gokul, Hubbali","Computer Science & Engineering (4 Years, Bachelor of Technology)",GM,OPEN,Neutral,89979,89979
"K L E Institute of Technology-Gokul, Hubbali","Computer Science & Engineering (4 Years, Bachelor of Technology)",KKR,OPEN,Neutral,83489,83489
"K L E Institute of Technology-Gokul, Hubbali","Electrical & Electronics Engineering (4 Years, Bachelor of Technology)",GM,OPEN,Neutral,94440,94440
"K L E Institute of Technology-Gokul, Hubbali","Electronics & Communication Engineering (4 Years, Bachelor of Technology)",GM,OPEN,Neutral,93787,93787
"K L E Institute of Technology-Gokul, Hubbali","Electronics & Communication Engineering (4 Years, Bachelor of Technology)",KKR,OPEN,Neutral,88095,88095
"K L E Institute of Technology-Gokul, Hubbali","Mechanical Engineering (4 Years, Bachelor of Technology)",GM,OPEN,Neutral,78945,78945
"K.S School of Engineering And Management-Off Kanakapura Road, Bengaluru","Artificial Intelligence & Data Science (4 Years, Bachelor of Technology)",GM,OPEN,Neutral,102001,102001
"K.S School of Engineering And Management-Off Kanakapura Road, Bengaluru","Computer Science & Business Systems (4 Years, Bachelor of Technology)",GM,OPEN,Neutral,106956,106956
"K.S School of Engineering And Management-Off Kanakapura Road, Bengaluru","Computer Science & Engineering (4 Years, Bachelor of Technology)",GM,OPEN,Neutral,109945,109945
"K.S School of Engineering And Management-Off Kanakapura Road, Bengaluru","Electronics & Comm- unication Engineering (4 Years, Bachelor of Technology)",GM,OPEN,Neutral,95291,95291
"K.S. Institute of Technology-Kanakapura Main Road, Bengaluru","Artificial Intelligence & Machine Learning (4 Years, Bachelor of Technology)",GM,OPEN,Neutral,102605,102605
"K.S. Institute of Technology-Kanakapura Main Road, Bengaluru","Artificial Intelligence & Machine Learning (4 Years, Bachelor of Technology)",KKR,OPEN,Neutral,78846,78846
"K.S. Institute of Technology-Kanakapura Main Road, Bengaluru","Computer & Comm- unication Engineering (4 Years, Bachelor of Technology)",GM,OPEN,Neutral,110510,110510
"K.S. Institute of Technology-Kanakapura Main Road, Bengaluru","Computer & Communicatio n Engineering (4 Years, Bachelor of Technology)",GM,OPEN,Neutral,102147,102147
"K.S. Institute of Technology-Kanakapura Main Road, Bengaluru","Computer & Communication Engineering (4 Years, Bachelor of Technology)",GM,OPEN,Neutral,97286,97286
"K.S. Institute of Technology-Kanakapura Main Road, Bengaluru","Computer Science & Design (4 Years, Bachelor of Technology)",GM,OPEN,Neutral,110510,110510
"K.S. Institute of Technology-Kanakapura Main Road, Bengaluru","Computer Science & Engineering (4 Years, Bachelor of Technology)",GM,OPEN,Neutral,106608,106608
"K.S. Institute of Technology-Kanakapura Main Road, Bengaluru","Computer Science & Engineering (4 Years, Bachelor of Technology)",KKR,OPEN,Neutral,94404,94404
"K.S. Institute of Technology-Kanakapura Main Road, Bengaluru","Computer Science & Engineering (IOT & Cyber Security Including Block Chain Technology) (4 Years, Bachelor of Technology)",GM,OPEN,Neutral,102605,102605
"K.S. Institute of Technology-Kanakapura Main Road, Bengaluru","Electronics & Comm- unication Engineering (4 Years, Bachelor of Technology)",GM,OPEN,Neutral,111393,111393
"K.S. Institute of Technology-Kanakapura Main Road, Bengaluru","Electronics & Communica- tion Engineering (4 Years, Bachelor of Technology)",GM,OPEN,Neutral,62181,62181
"K.S. Institute of Technology-Kanakapura Main Road, Bengaluru","Electronics & Communicati on Engineering (4 Years, Bachelor of Technology)",GM,OPEN,Neutral,66339,66339
"K.S. Institute of Technology-Kanakapura Main Road, Bengaluru","Electronics & Communication Engineering (4 Years, Bachelor of Technology)",GM,OPEN,Neutral,66167,66167
"K.S. Institute of Technology-Kanakapura Main Road, Bengaluru","Mechanical Engineering (4 Years, Bachelor of Technology)",GM,OPEN,Neutral,87427,87427
"KLE College of Engineering and Technology-Chikodi Dist., Belagavi","Artificial Intelligence & Data Science (4 Years, Bachelor of Technology)",GM,OPEN,Neutral,105457,105457
"KLE College of Engineering and Technology-Chikodi Dist., Belagavi","Civil Engineering (4 Years, Bachelor of Technology)",GM,OPEN,Neutral,99020,99020
"KLE College of Engineering and Technology-Chikodi Dist., Belagavi","Computer Science & Engineering (4 Years, Bachelor of Technology)",GM,OPEN,Neutral,109981,109981
"KLE College of Engineering and Technology-Chikodi Dist., Belagavi","Electronics & Comm- unication Engineering (4 Years, Bachelor of Technology)",GM,OPEN,Neutral,104133,104133
"KLE College of Engineering and Technology-Chikodi Dist., Belagavi","Electronics & Communicati on Engineering (4 Years, Bachelor of Technology)",GM,OPEN,Neutral,96361,96361
"KLE College of Engineering and Technology-Chikodi Dist., Belagavi","Mechanical Engineering (4 Years, Bachelor of Technology)",GM,OPEN,Neutral,110828,110828
"KLE Technological University Formerly called as KLE Dr. M.S. Sheshgiri College of Engineering and Technology- Udyambag, Belagavi","Computer Science & Engineering (4 Years, Bachelor of Technology)",GM,OPEN,Neutral,96627,96627
"KLE Technological University Formerly called as KLE Dr. M.S. Sheshgiri College of Engineering and Technology- Udyambag, Belagavi","Computer Science & Engineering (Artificial Intelligence) (4 Years, Bachelor of Technology)",GM,OPEN,Neutral,95657,95657
"KLE Technological University Formerly called as KLE Dr. M.S. Sheshgiri College of Engineering and Technology- Udyambag, Belagavi","Electronics & Communication Engineering (4 Years, Bachelor of Technology)",GM,OPEN,Neutral,98634,98634
"KLE Technological University Formerly called as KLE Dr. M.S. Sheshgiri College of Engineering and Technology-Udyambag, Belagavi","Bio- Medical Engineering (4 Years, Bachelor of Technology)",GM,OPEN,Neutral,108876,108876
"KLE Technological University Formerly called as KLE Dr. M.S. Sheshgiri College of Engineering and Technology-Udyambag, Belagavi","Chemical Engineering (4 Years, Bachelor of Technology)",GM,OPEN,Neutral,94423,94423
"KLE Technological University Formerly called as KLE Dr. M.S. Sheshgiri College of Engineering and Technology-Udyambag, Belagavi","Chemical Engineering (4 Years, Bachelor of Technology)",KKR,OPEN,Neutral,84413,84413
"KLE Technological University Formerly called as KLE Dr. M.S. Sheshgiri College of Engineering and Technology-Udyambag, Belagavi","Computer Science & Engineering (4 Years, Bachelor of Technology)",GM,OPEN,Neutral,99417,99417
"KLE Technological University Formerly called as KLE Dr. M.S. Sheshgiri College of Engineering and Technology-Udyambag, Belagavi","Computer Science & Engineering (Artificial Intelligence) (4 Years, Bachelor of Technology)",GM,OPEN,Neutral,101670,101670
"KLE Technological University Formerly called as KLE Dr. M.S. Sheshgiri College of Engineering and Technology-Udyambag, Belagavi","Electrical & Electronics Engineering (4 Years, Bachelor of Technology)",GM,OPEN,Neutral,94755,94755
"KLE Technological University Formerly called as KLE Dr. M.S. Sheshgiri College of Engineering and Technology-Udyambag, Belagavi","Electronics & Comm- unication Engineering (4 Years, Bachelor of Technology)",GM,OPEN,Neutral,62025,62025
"KLE Technological University Formerly called as KLE Dr. M.S. Sheshgiri College of Engineering and Technology-Udyambag, Belagavi","Electronics & Communica- tion Engineering (4 Years, Bachelor of Technology)",GM,OPEN,Neutral,109669,109669
"KLE Technological University Formerly called as KLE Dr. M.S. Sheshgiri College of Engineering and Technology-Udyambag, Belagavi","Electronics & Communicati on Engineering (4 Years, Bachelor of Technology)",GM,OPEN,Neutral,94385,94385
"KLE Technological University Formerly called as KLE Dr. M.S. Sheshgiri College of Engineering and Technology-Udyambag, Belagavi","Mechanical Engineering (4 Years, Bachelor of Technology)",GM,OPEN,Neutral,108876,108876
"KLE Technological University Formerly known as BVBCET- Vidyanagar, Hubballi","Automation & Robotics Engineering (4 Years, Bachelor of Technology)",GM,OPEN,Neutral,92848,92848
"KLE Technological University Formerly known as BVBCET- Vidyanagar, Hubballi","Automation & Robotics Engineering (4 Years, Bachelor of Technology)",KKR,OPEN,Neutral,47637,47637
"KLE Technological University Formerly known as BVBCET- Vidyanagar, Hubballi","Biotechnology (4 Years, Bachelor of Technology)",GM,OPEN,Neutral,95802,95802
"KLE Technological University Formerly known as BVBCET- Vidyanagar, Hubballi","Civil Engineering (4 Years, Bachelor of Technology)",GM,OPEN,Neutral,94080,94080
"KLE Technological University Formerly known as BVBCET- Vidyanagar, Hubballi","Computer Science & Engineering (4 Years, Bachelor of Technology)",GM,OPEN,Neutral,28951,28951
"KLE Technological University Formerly known as BVBCET- Vidyanagar, Hubballi","Computer Science & Engineering (4 Years, Bachelor of Technology)",KKR,OPEN,Neutral,25837,25837
"KLE Technological University Formerly known as BVBCET- Vidyanagar, Hubballi","Computer Science & Engineering (Artificial Intelligence) (4 Years, Bachelor of Technology)",GM,OPEN,Neutral,49639,49639
"KLE Technological University Formerly known as BVBCET- Vidyanagar, Hubballi","Computer Science & Engineering (Artificial Intelligence) (4 Years, Bachelor of Technology)",KKR,OPEN,Neutral,33637,33637
"KLE Technological University Formerly known as BVBCET- Vidyanagar, Hubballi","Electrical & Electronics Engineering (4 Years, Bachelor of Technology)",GM,OPEN,Neutral,99769,99769
"KLE Technological University Formerly known as BVBCET- Vidyanagar, Hubballi","Electrical & Electronics Engineering (4 Years, Bachelor of Technology)",KKR,OPEN,Neutral,87923,87923
"KLE Technological University Formerly known as BVBCET- Vidyanagar, Hubballi","Electronics & Communication Engineering (4 Years, Bachelor of Technology)",GM,OPEN,Neutral,76965,76965
"KLE Technological University Formerly known as BVBCET- Vidyanagar, Hubballi","Electronics & Communication Engineering (4 Years, Bachelor of Technology)",KKR,OPEN,Neutral,60684,60684
"KLE Technological University Formerly known as BVBCET- Vidyanagar, Hubballi","Electronics Engineering (VLSI Design & Technology) (4 Years, Bachelor of Technology)",GM,OPEN,Neutral,53043,53043
"KLE Technological University Formerly known as BVBCET- Vidyanagar, Hubballi","Mechanical Engineering (4 Years, Bachelor of Technology)",GM,OPEN,Neutral,101378,101378
"KLE Technological University Formerly known as BVBCET-Vidyanagar, Hubballi","Automation & Robotics Engineering (4 Years, Bachelor of Technology)",GM,OPEN,Neutral,106607,106607
"KLE Technological University Formerly known as BVBCET-Vidyanagar, Hubballi","Automation & Robotics Engineering (4 Years, Bachelor of Technology)",KKR,OPEN,Neutral,111016,111016
"KLE Technological University Formerly known as BVBCET-Vidyanagar, Hubballi","Bio technology (4 Years, Bachelor of Technology)",GM,OPEN,Neutral,85626,85626
"KLE Technological University Formerly known as BVBCET-Vidyanagar, Hubballi","Bio- technology (4 Years, Bachelor of Technology)",GM,OPEN,Neutral,106895,106895
"KLE Technological University Formerly known as BVBCET-Vidyanagar, Hubballi","Bio- technology (4 Years, Bachelor of Technology)",KKR,OPEN,Neutral,93008,93008
"KLE Technological University Formerly known as BVBCET-Vidyanagar, Hubballi","Civil Engineering (4 Years, Bachelor of Technology)",GM,OPEN,Neutral,111127,111127
"KLE Technological University Formerly known as BVBCET-Vidyanagar, Hubballi","Civil Engineering (4 Years, Bachelor of Technology)",KKR,OPEN,Neutral,111016,111016
"KLE Technological University Formerly known as BVBCET-Vidyanagar, Hubballi","Computer Science & Engineering (4 Years, Bachelor of Technology)",GM,OPEN,Neutral,42269,42269
"KLE Technological University Formerly known as BVBCET-Vidyanagar, Hubballi","Computer Science & Engineering (4 Years, Bachelor of Technology)",KKR,OPEN,Neutral,41231,41231
"KLE Technological University Formerly known as BVBCET-Vidyanagar, Hubballi","Computer Science & Engineering (Artificial Intelligence) (4 Years, Bachelor of Technology)",GM,OPEN,Neutral,47299,47299
"KLE Technological University Formerly known as BVBCET-Vidyanagar, Hubballi","Computer Science & Engineering (Artificial Intelligence) (4 Years, Bachelor of Technology)",KKR,OPEN,Neutral,48608,48608
"KLE Technological University Formerly known as BVBCET-Vidyanagar, Hubballi","Electrical & Electronics Engineering (4 Years, Bachelor of Technology)",GM,OPEN,Neutral,110581,110581
"KLE Technological University Formerly known as BVBCET-Vidyanagar, Hubballi","Electrical & Electronics Engineering (4 Years, Bachelor of Technology)",KKR,OPEN,Neutral,107292,107292
"KLE Technological University Formerly known as BVBCET-Vidyanagar, Hubballi","Electronics & Comm- unication Engineering (4 Years, Bachelor of Technology)",GM,OPEN,Neutral,37452,37452
"KLE Technological University Formerly known as BVBCET-Vidyanagar, Hubballi","Electronics & Comm- unication Engineering (4 Years, Bachelor of Technology)",KKR,OPEN,Neutral,70401,70401
"KLE Technological University Formerly known as BVBCET-Vidyanagar, Hubballi","Electronics & Communica- tion Engineering (4 Years, Bachelor of Technology)",GM,OPEN,Neutral,68078,68078
"KLE Technological University Formerly known as BVBCET-Vidyanagar, Hubballi","Electronics & Communicati on Engineering (4 Years, Bachelor of Technology)",GM,OPEN,Neutral,54028,54028
"KLE Technological University Formerly known as BVBCET-Vidyanagar, Hubballi","Electronics & Communication Engineering (4 Years, Bachelor of Technology)",KKR,OPEN,Neutral,97034,97034
"KLE Technological University Formerly known as BVBCET-Vidyanagar, Hubballi","Mechanical Engineering (4 Years, Bachelor of Technology)",GM,OPEN,Neutral,103984,103984
"KLE Technological University Formerly known as BVBCET-Vidyanagar, Hubballi","Mechanical Engineering (4 Years, Bachelor of Technology)",KKR,OPEN,Neutral,108639,108639
"KLE Technological University Formerly known as BVBCET-Vidyanagar, Hubballi","VLSI (4 Years, Bachelor of Technology)",GM,OPEN,Neutral,73602,73602
"KLE Technological University Formerly known as BVBCET-Vidyanagar, Hubballi","VLSI (4 Years, Bachelor of Technology)",KKR,OPEN,Neutral,103167,103167
"KLS Gogte Institute of Technology-Udyambag, Belagavi","Aeronautical Engineering (4 Years, Bachelor of Technology)",GM,OPEN,Neutral,107667,107667
"KLS Gogte Institute of Technology-Udyambag, Belagavi","Bachelor of Design (Communic- ation & Design) (4 Years, Bachelor of Technology)",GM,OPEN,Neutral,96497,96497
"KLS Gogte Institute of Technology-Udyambag, Belagavi","Bachelor of Design (Communicatio n & Design) (4 Years, Bachelor of Technology)",GM,OPEN,Neutral,96497,96497
"KLS Gogte Institute of Technology-Udyambag, Belagavi","Bachelor of Design (Fashion Design) (4 Years, Bachelor of Technology)",GM,OPEN,Neutral,58226,58226
"KLS Gogte Institute of Technology-Udyambag, Belagavi","Bachelor of Design (Lifestyle & Accessory Design) (4 Years, Bachelor of Technology)",GM,OPEN,Neutral,95586,95586
"KLS Gogte Institute of Technology-Udyambag, Belagavi","Civil Engineering (4 Years, Bachelor of Technology)",GM,OPEN,Neutral,110996,110996
"KLS Gogte Institute of Technology-Udyambag, Belagavi","Computer Science & Engineering (4 Years, Bachelor of Technology)",GM,OPEN,Neutral,65197,65197
"KLS Gogte Institute of Technology-Udyambag, Belagavi","Computer Science & Engineering (4 Years, Bachelor of Technology)",KKR,OPEN,Neutral,86446,86446
"KLS Gogte Institute of Technology-Udyambag, Belagavi","Computer Science & Engineering (Artificial Intelligence & Machine Learning) (4 Years, Bachelor of Technology)",GM,OPEN,Neutral,51162,51162
"KLS Gogte Institute of Technology-Udyambag, Belagavi","Computer Science & Engineering (Artificial Intelligence & Machine Learning) (4 Years, Bachelor of Technology)",KKR,OPEN,Neutral,100293,100293
"KLS Gogte Institute of Technology-Udyambag, Belagavi","Electrical & Electronics Engineering (4 Years, Bachelor of Technology)",GM,OPEN,Neutral,92019,92019
"KLS Gogte Institute of Technology-Udyambag, Belagavi","Electronics & Comm- unication Engineering (4 Years, Bachelor of Technology)",GM,OPEN,Neutral,53410,53410
"KLS Gogte Institute of Technology-Udyambag, Belagavi","Electronics & Comm- unication Engineering (4 Years, Bachelor of Technology)",KKR,OPEN,Neutral,91837,91837
"KLS Gogte Institute of Technology-Udyambag, Belagavi","Electronics & Communica- tion Engineering (4 Years, Bachelor of Technology)",GM,OPEN,Neutral,79437,79437
"KLS Gogte Institute of Technology-Udyambag, Belagavi","Electronics & Communicati on Engineering (4 Years, Bachelor of Technology)",GM,OPEN,Neutral,68273,68273
"KLS Gogte Institute of Technology-Udyambag, Belagavi","Electronics & Communication Engineering (4 Years, Bachelor of Technology)",GM,OPEN,Neutral,93986,93986
"KLS Gogte Institute of Technology-Udyambag, Belagavi","Electronics & Communication Engineering (4 Years, Bachelor of Technology)",KKR,OPEN,Neutral,95557,95557
"KLS Gogte Institute of Technology-Udyambag, Belagavi","Information Science & Engineering (4 Years, Bachelor of Technology)",GM,OPEN,Neutral,67705,67705
"KLS Gogte Institute of Technology-Udyambag, Belagavi","Information Science & Engineering (4 Years, Bachelor of Technology)",KKR,OPEN,Neutral,72438,72438
"KLS Gogte Institute of Technology-Udyambag, Belagavi","Mechanical Engineering (4 Years, Bachelor of Technology)",GM,OPEN,Neutral,88764,88764
"KLS Vishwanathrao Deshpande Institute of Technology- Dandeli Road, Haliyal","Computer Science & Engineering (4 Years, Bachelor of Technology)",GM,OPEN,Neutral,96723,96723
"KLS Vishwanathrao Deshpande Institute of Technology- Dandeli Road, Haliyal","Computer Science & Engineering (Artificial Intelligence & Machine Learning) (4 Years, Bachelor of Technology)",GM,OPEN,Neutral,94782,94782
"KLS Vishwanathrao Deshpande Institute of Technology- Dandeli Road, Haliyal","Electronics & Communication Engineering (4 Years, Bachelor of Technology)",GM,OPEN,Neutral,94759,94759
"KLS Vishwanathrao Deshpande Institute of Technology-Dandeli Road, Haliyal","Computer Science & Engineering (4 Years, Bachelor of Technology)",GM,OPEN,Neutral,110111,110111
"KLS Vishwanathrao Deshpande Institute of Technology-Dandeli Road, Haliyal","Computer Science & Engineering (Artificial Intelligence) (4 Years, Bachelor of Technology)",GM,OPEN,Neutral,111074,111074
"KLS Vishwanathrao Deshpande Institute of Technology-Dandeli Road, Haliyal","Electrical & Electronics Engineering (4 Years, Bachelor of Technology)",GM,OPEN,Neutral,93737,93737
"KLS Vishwanathrao Deshpande Institute of Technology-Dandeli Road, Haliyal","Electronics & Comm- unication Engineering (4 Years, Bachelor of Technology)",GM,OPEN,Neutral,109025,109025
"KLS Vishwanathrao Deshpande Institute of Technology-Dandeli Road, Haliyal","Electronics & Communica- tion Engineering (4 Years, Bachelor of Technology)",GM,OPEN,Neutral,108632,108632
"KLS Vishwanathrao Deshpande Institute of Technology-Dandeli Road, Haliyal","Electronics & Communicati on Engineering (4 Years, Bachelor of Technology)",GM,OPEN,Neutral,108632,108632
"KNS Institute of Technology-Yelahanka, Bengaluru","Artificial Intelligence & Data Science (4 Years, Bachelor of Technology)",GM,OPEN,Neutral,100144,100144
"KNS Institute of Technology-Yelahanka, Bengaluru","Artificial Intelligence & Machine Learning (4 Years, Bachelor of Technology)",GM,OPEN,Neutral,110959,110959
"KNS Institute of Technology-Yelahanka, Bengaluru","Computer Science & Engineering (4 Years, Bachelor of Technology)",GM,OPEN,Neutral,110391,110391
"KNS Institute of Technology-Yelahanka, Bengaluru","Computer Science & Engineering (Data Science) (4 Years, Bachelor of Technology)",GM,OPEN,Neutral,107761,107761
"KNS Institute of Technology-Yelahanka, Bengaluru","Computer Science & Engineering (IOT & Cyber Security Including Block Chain Technology) (4 Years, Bachelor of Technology)",GM,OPEN,Neutral,92418,92418
"KNS Institute of Technology-Yelahanka, Bengaluru","Electronics & Comm- unication Engineering (4 Years, Bachelor of Technology)",GM,OPEN,Neutral,89055,89055
"KNS Institute of Technology-Yelahanka, Bengaluru","Information Science & Engineering (4 Years, Bachelor of Technology)",GM,OPEN,Neutral,106945,106945
"KVG College Of Engineering-Sullia, Dakshina Kannada","Computer Science & Engineering (4 Years, Bachelor of Technology)",GM,OPEN,Neutral,84090,84090
"KVG College Of Engineering-Sullia, Dakshina Kannada","Computer Science & Engineering (Artificial Intelligence & Machine Learning) (4 Years, Bachelor of Technology)",GM,OPEN,Neutral,107509,107509
"KVG College Of Engineering-Sullia, Dakshina Kannada","Electronics & Comm- unication Engineering (4 Years, Bachelor of Technology)",GM,OPEN,Neutral,74732,74732
"Kalpataru Institute of Technology-B H Road, Tiptur","Artificial Intelligence & Machine Learning (4 Years, Bachelor of Technology)",GM,OPEN,Neutral,103283,103283
"Kalpataru Institute of Technology-B H Road, Tiptur","Computer Science & Engineering (4 Years, Bachelor of Technology)",GM,OPEN,Neutral,96093,96093
"Karavali Institute of Technology-Kottara, Mangaluru","Aeronautical Engineering (4 Years, Bachelor of Technology)",GM,OPEN,Neutral,111746,111746
"Karavali Institute of Technology-Kottara, Mangaluru","Computer Science & Engineering (4 Years, Bachelor of Technology)",GM,OPEN,Neutral,74464,74464
"Karavali Institute of Technology-Kottara, Mangaluru","Computer Science & Engineering (Data Science) (4 Years, Bachelor of Technology)",GM,OPEN,Neutral,111679,111679
"M.S. Engineering College-Sadahalli, Bengaluru","Artificial Intelligence & Machine Learning (4 Years, Bachelor of Technology)",GM,OPEN,Neutral,59221,59221
"M.S. Engineering College-Sadahalli, Bengaluru","Artificial Intelligence & Machine Learning (4 Years, Bachelor of Technology)",KKR,OPEN,Neutral,84732,84732
"M.S. Engineering College-Sadahalli, Bengaluru","Computer Science & Engineering (4 Years, Bachelor of Technology)",GM,OPEN,Neutral,101479,101479
"M.S. Engineering College-Sadahalli, Bengaluru","Computer Science & Engineering (Cyber Security) (4 Years, Bachelor of Technology)",GM,OPEN,Neutral,97345,97345
"M.S. Engineering College-Sadahalli, Bengaluru","Computer Science & Engineering (Data Science) (4 Years, Bachelor of Technology)",GM,OPEN,Neutral,71433,71433
"M.S. Ramaiah Institute of Technology-MSR Nagar, Bengaluru","Aerospace Engineering (4 Years, Bachelor of Technology)",GM,OPEN,Neutral,18772,18772
"M.S. Ramaiah Institute of Technology-MSR Nagar, Bengaluru","Aerospace Engineering (4 Years, Bachelor of Technology)",KKR,OPEN,Neutral,76076,76076
"M.S. Ramaiah Institute of Technology-MSR Nagar, Bengaluru","Artificial Intelligence & Data Science (4 Years, Bachelor of Technology)",GM,OPEN,Neutral,3864,3864
"M.S. Ramaiah Institute of Technology-MSR Nagar, Bengaluru","Artificial Intelligence & Data Science (4 Years, Bachelor of Technology)",KKR,OPEN,Neutral,14044,14044
"M.S. Ramaiah Institute of Technology-MSR Nagar, Bengaluru","Artificial Intelligence & Machine Learning (4 Years, Bachelor of Technology)",GM,OPEN,Neutral,3706,3706
"M.S. Ramaiah Institute of Technology-MSR Nagar, Bengaluru","Artificial Intelligence & Machine Learning (4 Years, Bachelor of Technology)",KKR,OPEN,Neutral,7902,7902
"M.S. Ramaiah Institute of Technology-MSR Nagar, Bengaluru","Bio technology (4 Years, Bachelor of Technology)",GM,OPEN,Neutral,17527,17527
"M.S. Ramaiah Institute of Technology-MSR Nagar, Bengaluru","Bio technology (4 Years, Bachelor of Technology)",KKR,OPEN,Neutral,78214,78214
"M.S. Ramaiah Institute of Technology-MSR Nagar, Bengaluru","Bio- technology (4 Years, Bachelor of Technology)",GM,OPEN,Neutral,38302,38302
"M.S. Ramaiah Institute of Technology-MSR Nagar, Bengaluru","Bio- technology (4 Years, Bachelor of Technology)",KKR,OPEN,Neutral,53468,53468
"M.S. Ramaiah Institute of Technology-MSR Nagar, Bengaluru","Biotechnology (4 Years, Bachelor of Technology)",GM,OPEN,Neutral,37954,37954
"M.S. Ramaiah Institute of Technology-MSR Nagar, Bengaluru","Biotechnology (4 Years, Bachelor of Technology)",KKR,OPEN,Neutral,93008,93008
"M.S. Ramaiah Institute of Technology-MSR Nagar, Bengaluru","Chemical Engineering (4 Years, Bachelor of Technology)",GM,OPEN,Neutral,42698,42698
"M.S. Ramaiah Institute of Technology-MSR Nagar, Bengaluru","Chemical Engineering (4 Years, Bachelor of Technology)",KKR,OPEN,Neutral,106796,106796
"M.S. Ramaiah Institute of Technology-MSR Nagar, Bengaluru","Civil Engineering (4 Years, Bachelor of Technology)",GM,OPEN,Neutral,81716,81716
"M.S. Ramaiah Institute of Technology-MSR Nagar, Bengaluru","Civil Engineering (4 Years, Bachelor of Technology)",KKR,OPEN,Neutral,89944,89944
"M.S. Ramaiah Institute of Technology-MSR Nagar, Bengaluru","Computer Science & Engineering (4 Years, Bachelor of Technology)",GM,OPEN,Neutral,1667,1667
"M.S. Ramaiah Institute of Technology-MSR Nagar, Bengaluru","Computer Science & Engineering (4 Years, Bachelor of Technology)",KKR,OPEN,Neutral,6671,6671
"M.S. Ramaiah Institute of Technology-MSR Nagar, Bengaluru","Computer Science & Engineering (Artificial Intelligence & Machine Learning) (4 Years, Bachelor of Technology)",GM,OPEN,Neutral,2175,2175
"M.S. Ramaiah Institute of Technology-MSR Nagar, Bengaluru","Computer Science & Engineering (Artificial Intelligence & Machine Learning) (4 Years, Bachelor of Technology)",KKR,OPEN,Neutral,11499,11499
"M.S. Ramaiah Institute of Technology-MSR Nagar, Bengaluru","Computer Science & Engineering (Cyber Security) (4 Years, Bachelor of Technology)",GM,OPEN,Neutral,2990,2990
"M.S. Ramaiah Institute of Technology-MSR Nagar, Bengaluru","Computer Science & Engineering (Cyber Security) (4 Years, Bachelor of Technology)",KKR,OPEN,Neutral,16304,16304
"M.S. Ramaiah Institute of Technology-MSR Nagar, Bengaluru","Electrical & Electronics Engineering (4 Years, Bachelor of Technology)",GM,OPEN,Neutral,9593,9593
"M.S. Ramaiah Institute of Technology-MSR Nagar, Bengaluru","Electrical & Electronics Engineering (4 Years, Bachelor of Technology)",KKR,OPEN,Neutral,30384,30384
"M.S. Ramaiah Institute of Technology-MSR Nagar, Bengaluru","Electronics & Comm- unication Engineering (4 Years, Bachelor of Technology)",GM,OPEN,Neutral,2424,2424
"M.S. Ramaiah Institute of Technology-MSR Nagar, Bengaluru","Electronics & Comm- unication Engineering (4 Years, Bachelor of Technology)",KKR,OPEN,Neutral,14044,14044
"M.S. Ramaiah Institute of Technology-MSR Nagar, Bengaluru","Electronics & Communica- tion Engineering (4 Years, Bachelor of Technology)",GM,OPEN,Neutral,4567,4567
"M.S. Ramaiah Institute of Technology-MSR Nagar, Bengaluru","Electronics & Communicati on Engineering (4 Years, Bachelor of Technology)",GM,OPEN,Neutral,3162,3162
"M.S. Ramaiah Institute of Technology-MSR Nagar, Bengaluru","Electronics & Communication Engineering (4 Years, Bachelor of Technology)",GM,OPEN,Neutral,5798,5798
"M.S. Ramaiah Institute of Technology-MSR Nagar, Bengaluru","Electronics & Communication Engineering (4 Years, Bachelor of Technology)",KKR,OPEN,Neutral,17711,17711
"M.S. Ramaiah Institute of Technology-MSR Nagar, Bengaluru","Electronics & Instru- mentation Engineering (4 Years, Bachelor of Technology)",GM,OPEN,Neutral,4402,4402
"M.S. Ramaiah Institute of Technology-MSR Nagar, Bengaluru","Electronics & Instru- mentation Engineering (4 Years, Bachelor of Technology)",KKR,OPEN,Neutral,28905,28905
"M.S. Ramaiah Institute of Technology-MSR Nagar, Bengaluru","Electronics & Instrument- ation Engineering (4 Years, Bachelor of Technology)",GM,OPEN,Neutral,9756,9756
"M.S. Ramaiah Institute of Technology-MSR Nagar, Bengaluru","Electronics & Instrumentati on Engineering (4 Years, Bachelor of Technology)",GM,OPEN,Neutral,6106,6106
"M.S. Ramaiah Institute of Technology-MSR Nagar, Bengaluru","Electronics & Instrumentation Engineering (4 Years, Bachelor of Technology)",GM,OPEN,Neutral,11355,11355
"M.S. Ramaiah Institute of Technology-MSR Nagar, Bengaluru","Electronics & Instrumentation Engineering (4 Years, Bachelor of Technology)",KKR,OPEN,Neutral,33237,33237
"M.S. Ramaiah Institute of Technology-MSR Nagar, Bengaluru","Electronics & Tele comm- unication Engineering (4 Years, Bachelor of Technology)",GM,OPEN,Neutral,3647,3647
"M.S. Ramaiah Institute of Technology-MSR Nagar, Bengaluru","Electronics & Tele comm- unication Engineering (4 Years, Bachelor of Technology)",KKR,OPEN,Neutral,23863,23863
"M.S. Ramaiah Institute of Technology-MSR Nagar, Bengaluru","Electronics & Telecomm- unication Engineering (4 Years, Bachelor of Technology)",GM,OPEN,Neutral,3407,3407
"M.S. Ramaiah Institute of Technology-MSR Nagar, Bengaluru","Electronics & Telecomm- unication Engineering (4 Years, Bachelor of Technology)",KKR,OPEN,Neutral,17212,17212
"M.S. Ramaiah Institute of Technology-MSR Nagar, Bengaluru","Electronics & Telecommu- nication Engineering (4 Years, Bachelor of Technology)",GM,OPEN,Neutral,6767,6767
"M.S. Ramaiah Institute of Technology-MSR Nagar, Bengaluru","Electronics & Telecommunicati on Engineering (4 Years, Bachelor of Technology)",GM,OPEN,Neutral,9112,9112
"M.S. Ramaiah Institute of Technology-MSR Nagar, Bengaluru","Electronics & Telecommunicati on Engineering (4 Years, Bachelor of Technology)",KKR,OPEN,Neutral,23863,23863
"M.S. Ramaiah Institute of Technology-MSR Nagar, Bengaluru","Industrial Engineering & Management (4 Years, Bachelor of Technology)",GM,OPEN,Neutral,93650,93650
"M.S. Ramaiah Institute of Technology-MSR Nagar, Bengaluru","Industrial Engineering & Management (4 Years, Bachelor of Technology)",KKR,OPEN,Neutral,88553,88553
"M.S. Ramaiah Institute of Technology-MSR Nagar, Bengaluru","Information Science & Engineering (4 Years, Bachelor of Technology)",GM,OPEN,Neutral,3115,3115
"M.S. Ramaiah Institute of Technology-MSR Nagar, Bengaluru","Information Science & Engineering (4 Years, Bachelor of Technology)",KKR,OPEN,Neutral,12096,12096
"M.S. Ramaiah Institute of Technology-MSR Nagar, Bengaluru","Mechanical Engineering (4 Years, Bachelor of Technology)",GM,OPEN,Neutral,26545,26545
"M.S. Ramaiah Institute of Technology-MSR Nagar, Bengaluru","Mechanical Engineering (4 Years, Bachelor of Technology)",KKR,OPEN,Neutral,80766,80766
"M.S. Ramaiah Institute of Technology-MSR Nagar, Bengaluru","Medical Electronics Engineering (4 Years, Bachelor of Technology)",GM,OPEN,Neutral,65186,65186
"M.S. Ramaiah Institute of Technology-MSR Nagar, Bengaluru","Medical Electronics Engineering (4 Years, Bachelor of Technology)",KKR,OPEN,Neutral,82849,82849
"M.S. Ramaiah University of Applied Sciences-MSR Nagar, Bengaluru","Automotive Engineering (4 Years, Bachelor of Technology)",GM,OPEN,Neutral,61634,61634
"M.S. Ramaiah University of Applied Sciences-MSR Nagar, Bengaluru","Automotive Engineering (4 Years, Bachelor of Technology)",KKR,OPEN,Neutral,107055,107055
"M.S. Ramaiah University of Applied Sciences-MSR Nagar, Bengaluru","Civil Engineering (4 Years, Bachelor of Technology)",GM,OPEN,Neutral,109381,109381
"M.S. Ramaiah University of Applied Sciences-MSR Nagar, Bengaluru","Information Science & Engineering (4 Years, Bachelor of Technology)",GM,OPEN,Neutral,39103,39103
"M.S. Ramaiah University of Applied Sciences-MSR Nagar, Bengaluru","Information Science & Engineering (4 Years, Bachelor of Technology)",KKR,OPEN,Neutral,110168,110168
"Maharaja Institute of Technology-Belawadi, Mandya","Civil Engineering (4 Years, Bachelor of Technology)",GM,OPEN,Neutral,106183,106183
"Maharaja Institute of Technology-Belawadi, Mandya","Computer Engineering (4 Years, Bachelor of Technology)",GM,OPEN,Neutral,108542,108542
"Maharaja Institute of Technology-Belawadi, Mandya","Computer Science & Business Systems (4 Years, Bachelor of Technology)",GM,OPEN,Neutral,109740,109740
"Maharaja Institute of Technology-Belawadi, Mandya","Computer Science & Engineering (4 Years, Bachelor of Technology)",GM,OPEN,Neutral,111099,111099
"Maharaja Institute of Technology-Belawadi, Mandya","Computer Science & Engineering (Artificial Intelligence & Machine Learning) (4 Years, Bachelor of Technology)",GM,OPEN,Neutral,98718,98718
"Maharaja Institute of Technology-Belawadi, Mandya","Computer Science & Engineering (Artificial Intelligence) (4 Years, Bachelor of Technology)",GM,OPEN,Neutral,101827,101827
"Maharaja Institute of Technology-Belawadi, Mandya","Computer Science & Engineering (Data Science) (4 Years, Bachelor of Technology)",GM,OPEN,Neutral,111099,111099
"Maharaja Institute of Technology-Belawadi, Mandya","Computer Science & Engineering (IOT & Cyber Security Including Block Chain Technology) (4 Years, Bachelor of Technology)",GM,OPEN,Neutral,109740,109740
"Maharaja Institute of Technology-Belawadi, Mandya","Computer Science & Engineering (IOT) (4 Years, Bachelor of Technology)",GM,OPEN,Neutral,99811,99811
"Maharaja Institute of Technology-Belawadi, Mandya","Electronics & Comm- unication Engineering (4 Years, Bachelor of Technology)",GM,OPEN,Neutral,110498,110498
"Maharaja Institute of Technology-Belawadi, Mandya","Electronics & Communicati on Engineering (4 Years, Bachelor of Technology)",GM,OPEN,Neutral,110498,110498
"Maharaja Institute of Technology-Belawadi, Mandya","Electronics & Communication Engineering (4 Years, Bachelor of Technology)",GM,OPEN,Neutral,99974,99974
"Maharaja Institute of Technology-Belawadi, Mandya","Information Science & Engineering (4 Years, Bachelor of Technology)",GM,OPEN,Neutral,111029,111029
"Maharaja Institute of Technology-Belawadi, Mandya","Mechanical Engineering (4 Years, Bachelor of Technology)",GM,OPEN,Neutral,108369,108369
"Maharaja Institute of Technology-Thandavapura, Mysuru","Artificial Intelligence & Data Science (4 Years, Bachelor of Technology)",GM,OPEN,Neutral,91965,91965
"Maharaja Institute of Technology-Thandavapura, Mysuru","Artificial Intelligence & Data Science (4 Years, Bachelor of Technology)",KKR,OPEN,Neutral,96946,96946
"Maharaja Institute of Technology-Thandavapura, Mysuru","Civil Engineering (4 Years, Bachelor of Technology)",GM,OPEN,Neutral,88246,88246
"Maharaja Institute of Technology-Thandavapura, Mysuru","Computer Science & Engineering (4 Years, Bachelor of Technology)",GM,OPEN,Neutral,109919,109919
"Maharaja Institute of Technology-Thandavapura, Mysuru","Computer Science & Engineering (4 Years, Bachelor of Technology)",KKR,OPEN,Neutral,84760,84760
"Maharaja Institute of Technology-Thandavapura, Mysuru","Computer Science & Engineering (Artificial Intelligence & Machine Learning) (4 Years, Bachelor of Technology)",GM,OPEN,Neutral,104925,104925
"Maharaja Institute of Technology-Thandavapura, Mysuru","Electronics & Comm- unication Engineering (4 Years, Bachelor of Technology)",GM,OPEN,Neutral,109041,109041
"Maharaja Institute of Technology-Thandavapura, Mysuru","Electronics & Communication Engineering (4 Years, Bachelor of Technology)",GM,OPEN,Neutral,89849,89849
"Maharaja Institute of Technology-Thandavapura, Mysuru","Mechanical Engineering (4 Years, Bachelor of Technology)",GM,OPEN,Neutral,99390,99390
"Malnad College of Engineering-Rangoli Halla, Hassan","Civil Engineering (4 Years, Bachelor of Technology)",GM,OPEN,Neutral,108604,108604
"Malnad College of Engineering-Rangoli Halla, Hassan","Computer Science & Business Systems (4 Years, Bachelor of Technology)",GM,OPEN,Neutral,95037,95037
"Malnad College of Engineering-Rangoli Halla, Hassan","Computer Science & Engineering (4 Years, Bachelor of Technology)",GM,OPEN,Neutral,111070,111070
"Malnad College of Engineering-Rangoli Halla, Hassan","Computer Science & Engineering (Artificial Intelligence & Machine Learning) (4 Years, Bachelor of Technology)",GM,OPEN,Neutral,92605,92605
"Malnad College of Engineering-Rangoli Halla, Hassan","Computer Science & Engineering (Artificial Intelligence & Machine Learning) (4 Years, Bachelor of Technology)",KKR,OPEN,Neutral,90991,90991
"Malnad College of Engineering-Rangoli Halla, Hassan","Electrical & Electronics Engineering (4 Years, Bachelor of Technology)",GM,OPEN,Neutral,93772,93772
"Malnad College of Engineering-Rangoli Halla, Hassan","Electronics & Comm- unication Engineering (4 Years, Bachelor of Technology)",GM,OPEN,Neutral,111060,111060
"Malnad College of Engineering-Rangoli Halla, Hassan","Electronics Engineering (VLSI Design & Technology) (4 Years, Bachelor of Technology)",GM,OPEN,Neutral,73754,73754
"Malnad College of Engineering-Rangoli Halla, Hassan","Information Science & Engineering (4 Years, Bachelor of Technology)",GM,OPEN,Neutral,94452,94452
"Malnad College of Engineering-Rangoli Halla, Hassan","Robotics & Artificial Intelligence (4 Years, Bachelor of Technology)",GM,OPEN,Neutral,95048,95048
"Mangalore Institute of Technology and Engineering- Moodbidri, Mangaluru","Artificial Intelligence & Machine Learning (4 Years, Bachelor of Technology)",GM,OPEN,Neutral,56518,56518
"Mangalore Institute of Technology and Engineering- Moodbidri, Mangaluru","Computer Science & Engineering (4 Years, Bachelor of Technology)",GM,OPEN,Neutral,80049,80049
"Mangalore Institute of Technology and Engineering- Moodbidri, Mangaluru","Computer Science & Engineering (Artificial Intelligence & Machine Learning) (4 Years, Bachelor of Technology)",GM,OPEN,Neutral,54572,54572
"Mangalore Institute of Technology and Engineering- Moodbidri, Mangaluru","Electronics & Communication Engineering (4 Years, Bachelor of Technology)",GM,OPEN,Neutral,23425,23425
"Mangalore Institute of Technology and Engineering-Moodbidri, Mangaluru","Aeronautical Engineering (4 Years, Bachelor of Technology)",GM,OPEN,Neutral,111798,111798
"Mangalore Institute of Technology and Engineering-Moodbidri, Mangaluru","Artificial Intelligence & Machine Learning (4 Years, Bachelor of Technology)",GM,OPEN,Neutral,110453,110453
"Mangalore Institute of Technology and Engineering-Moodbidri, Mangaluru","Computer Science & Engineering (4 Years, Bachelor of Technology)",GM,OPEN,Neutral,111345,111345
"Mangalore Institute of Technology and Engineering-Moodbidri, Mangaluru","Computer Science & Engineering (Artificial Intelligence & Machine Learning) (4 Years, Bachelor of Technology)",GM,OPEN,Neutral,104858,104858
"Mangalore Institute of Technology and Engineering-Moodbidri, Mangaluru","Computer Science & Engineering (IOT & Cyber Security Including Block Chain Technology) (4 Years, Bachelor of Technology)",GM,OPEN,Neutral,80877,80877
"Mangalore Institute of Technology and Engineering-Moodbidri, Mangaluru","Electronics & Comm- unication Engineering (4 Years, Bachelor of Technology)",GM,OPEN,Neutral,82622,82622
"Mangalore Institute of Technology and Engineering-Moodbidri, Mangaluru","Information Science & Engineering (4 Years, Bachelor of Technology)",GM,OPEN,Neutral,109490,109490
"Mangalore Institute of Technology and Engineering-Moodbidri, Mangaluru","Mech- atronics Engineering (4 Years, Bachelor of Technology)",GM,OPEN,Neutral,92936,92936
"Mangalore Institute of Technology and Engineering-Moodbidri, Mangaluru","Mechanical Engineering (4 Years, Bachelor of Technology)",GM,OPEN,Neutral,59124,59124
"Mangalore Institute of Technology and Engineering-Moodbidri, Mangaluru","Mechatronics Engineering (4 Years, Bachelor of Technology)",GM,OPEN,Neutral,66653,66653
"Mangalore Institute of Technology and Engineering-Moodbidri, Mangaluru","Robotics & Artificial Intelligence (4 Years, Bachelor of Technology)",GM,OPEN,Neutral,82338,82338
"Moodalakatte Institute of Technology-Moodalakatte, Udupi","Artificial Intelligence & Machine Learning (4 Years, Bachelor of Technology)",GM,OPEN,Neutral,100968,100968
"Moodalakatte Institute of Technology-Moodalakatte, Udupi","Computer Science & Engineering (4 Years, Bachelor of Technology)",GM,OPEN,Neutral,81309,81309
"Moodalakatte Institute of Technology-Moodalakatte, Udupi","Computer Science & Engineering (Artificial Intelligence & Machine Learning) (4 Years, Bachelor of Technology)",GM,OPEN,Neutral,65473,65473
"Mysore College of Engineering and Management-Chikkahalli, Mysuru","Computer Science & Engineering (4 Years, Bachelor of Technology)",GM,OPEN,Neutral,109305,109305
"Mysore College of Engineering and Management-Chikkahalli, Mysuru","Computer Science & Engineering (Artificial Intelligence & Machine Learning) (4 Years, Bachelor of Technology)",GM,OPEN,Neutral,100014,100014
"Mysore College of Engineering and Management-Chikkahalli, Mysuru","Computer Science & Engineering (Artificial Intelligence & Machine Learning) (4 Years, Bachelor of Technology)",KKR,OPEN,Neutral,102626,102626
"Mysore College of Engineering and Management-Chikkahalli, Mysuru","Computer Science & Engineering (Data Science) (4 Years, Bachelor of Technology)",GM,OPEN,Neutral,109338,109338
"Mysore College of Engineering and Management-Chikkahalli, Mysuru","Electronics & Comm- unication Engineering (4 Years, Bachelor of Technology)",GM,OPEN,Neutral,107544,107544
"Mysore College of Engineering and Management-Chikkahalli, Mysuru","Mechanical Engineering (4 Years, Bachelor of Technology)",GM,OPEN,Neutral,95240,95240
"Mysuru Royal Institute of Technology-Palahallli, Mandya District","Artificial Intelligence & Machine Learning (4 Years, Bachelor of Technology)",GM,OPEN,Neutral,104732,104732
"Mysuru Royal Institute of Technology-Palahallli, Mandya District","Computer Science & Engineering (4 Years, Bachelor of Technology)",GM,OPEN,Neutral,96843,96843
"Nagarjuna College of Engineering And Technology- Devanahalli, Bengaluru","Computer Science & Engineering (4 Years, Bachelor of Technology)",GM,OPEN,Neutral,98172,98172
"Nagarjuna College of Engineering And Technology- Devanahalli, Bengaluru","Computer Science & Engineering (4 Years, Bachelor of Technology)",KKR,OPEN,Neutral,81948,81948
"Nagarjuna College of Engineering And Technology- Devanahalli, Bengaluru","Computer Science & Engineering (Artificial Intelligence & Machine Learning) (4 Years, Bachelor of Technology)",GM,OPEN,Neutral,50620,50620
"Nagarjuna College of Engineering And Technology- Devanahalli, Bengaluru","Computer Science & Engineering (Data Science) (4 Years, Bachelor of Technology)",GM,OPEN,Neutral,69101,69101
"Nagarjuna College of Engineering And Technology- Devanahalli, Bengaluru","Electronics & Communication Engineering (4 Years, Bachelor of Technology)",GM,OPEN,Neutral,77211,77211
"Nagarjuna College of Engineering And Technology-Devanahalli, Bengaluru","Computer Science & Engineering (4 Years, Bachelor of Technology)",GM,OPEN,Neutral,110315,110315
"Nagarjuna College of Engineering And Technology-Devanahalli, Bengaluru","Computer Science & Engineering (Artificial Intelligence & Machine Learning) (4 Years, Bachelor of Technology)",GM,OPEN,Neutral,110636,110636
"Nagarjuna College of Engineering And Technology-Devanahalli, Bengaluru","Computer Science & Engineering (Data Science) (4 Years, Bachelor of Technology)",GM,OPEN,Neutral,106136,106136
"Nagarjuna College of Engineering And Technology-Devanahalli, Bengaluru","Computer Science & Engineering (IOT & Cyber Security Including Block Chain Technology) (4 Years, Bachelor of Technology)",GM,OPEN,Neutral,76762,76762
"Nagarjuna College of Engineering And Technology-Devanahalli, Bengaluru","Electronics & Comm- unication Engineering (4 Years, Bachelor of Technology)",GM,OPEN,Neutral,105565,105565
"Nagarjuna College of Engineering And Technology-Devanahalli, Bengaluru","Information Science & Engineering (4 Years, Bachelor of Technology)",GM,OPEN,Neutral,109052,109052
"Navkis College of Engineering -Kandali NH75, Hassan","Artificial Intelligence & Data Science (4 Years, Bachelor of Technology)",GM,OPEN,Neutral,61329,61329
"Navkis College of Engineering -Kandali NH75, Hassan","Artificial Intelligence & Machine Learning (4 Years, Bachelor of Technology)",GM,OPEN,Neutral,103040,103040
"Navkis College of Engineering -Kandali NH75, Hassan","Computer Science & Engineering (4 Years, Bachelor of Technology)",GM,OPEN,Neutral,78169,78169
"Navkis College of Engineering -Kandali NH75, Hassan","Computer Science & Engineering (Artificial Intelligence & Machine Learning) (4 Years, Bachelor of Technology)",GM,OPEN,Neutral,95782,95782
"Navodaya Institute of Technology-Bijangera, Raichur","Computer Science & Engineering (4 Years, Bachelor of Technology)",GM,OPEN,Neutral,109181,109181
"Navodaya Institute of Technology-Bijangera, Raichur","Computer Science & Engineering (Artificial Intelligence & Machine Learning) (4 Years, Bachelor of Technology)",GM,OPEN,Neutral,99336,99336
"New Ebenezer Institute of Technology - Kothanur, Bangalore","Computer Science & Engineering (4 Years, Bachelor of Technology)",GM,OPEN,Neutral,110448,110448
"New Ebenezer Institute of Technology - Kothanur, Bangalore","Computer Science & Engineering (Artificial Intelligence & Data Science) (4 Years, Bachelor of Technology)",GM,OPEN,Neutral,94868,94868
"New Ebenezer Institute of Technology - Kothanur, Bangalore","Computer Science & Engineering (Artificial Intelligence & Data Science) (4 Years, Bachelor of Technology)",KKR,OPEN,Neutral,81555,81555
"New Ebenezer Institute of Technology - Kothanur, Bangalore","Computer Science & Engineering (Artificial Intelligence & Machine Learning) (4 Years, Bachelor of Technology)",GM,OPEN,Neutral,111096,111096
"Nitte Meenakshi Institute of Technology-Yelahanka, Bengaluru","Aeronautical Engineering (4 Years, Bachelor of Technology)",GM,OPEN,Neutral,69535,69535
"Nitte Meenakshi Institute of Technology-Yelahanka, Bengaluru","Aeronautical Engineering (4 Years, Bachelor of Technology)",KKR,OPEN,Neutral,77431,77431
"Nitte Meenakshi Institute of Technology-Yelahanka, Bengaluru","Artificial Intelligence & Data Science (4 Years, Bachelor of Technology)",GM,OPEN,Neutral,20333,20333
"Nitte Meenakshi Institute of Technology-Yelahanka, Bengaluru","Artificial Intelligence & Data Science (4 Years, Bachelor of Technology)",KKR,OPEN,Neutral,36018,36018
"Nitte Meenakshi Institute of Technology-Yelahanka, Bengaluru","Artificial Intelligence & Machine Learning (4 Years, Bachelor of Technology)",GM,OPEN,Neutral,19117,19117
"Nitte Meenakshi Institute of Technology-Yelahanka, Bengaluru","Artificial Intelligence & Machine Learning (4 Years, Bachelor of Technology)",KKR,OPEN,Neutral,30779,30779
"Nitte Meenakshi Institute of Technology-Yelahanka, Bengaluru","Civil Engineering (4 Years, Bachelor of Technology)",GM,OPEN,Neutral,93852,93852
"Nitte Meenakshi Institute of Technology-Yelahanka, Bengaluru","Computer Science & Business Systems (4 Years, Bachelor of Technology)",GM,OPEN,Neutral,23215,23215
"Nitte Meenakshi Institute of Technology-Yelahanka, Bengaluru","Computer Science & Business Systems (4 Years, Bachelor of Technology)",KKR,OPEN,Neutral,40977,40977
"Nitte Meenakshi Institute of Technology-Yelahanka, Bengaluru","Computer Science & Engineering (4 Years, Bachelor of Technology)",GM,OPEN,Neutral,15820,15820
"Nitte Meenakshi Institute of Technology-Yelahanka, Bengaluru","Computer Science & Engineering (4 Years, Bachelor of Technology)",KKR,OPEN,Neutral,28292,28292
"Nitte Meenakshi Institute of Technology-Yelahanka, Bengaluru","Electrical & Electronics Engineering (4 Years, Bachelor of Technology)",GM,OPEN,Neutral,64782,64782
"Nitte Meenakshi Institute of Technology-Yelahanka, Bengaluru","Electronics & Communication Engineering (4 Years, Bachelor of Technology)",GM,OPEN,Neutral,39097,39097
"Nitte Meenakshi Institute of Technology-Yelahanka, Bengaluru","Electronics & Communication Engineering (4 Years, Bachelor of Technology)",KKR,OPEN,Neutral,64435,64435
"Nitte Meenakshi Institute of Technology-Yelahanka, Bengaluru","Electronics Engineering (VLSI Design & Technology) (4 Years, Bachelor of Technology)",GM,OPEN,Neutral,74280,74280
"Nitte Meenakshi Institute of Technology-Yelahanka, Bengaluru","Electronics Engineering (VLSI Design & Technology) (4 Years, Bachelor of Technology)",KKR,OPEN,Neutral,88135,88135
"Nitte Meenakshi Institute of Technology-Yelahanka, Bengaluru","Information Science & Engineering (4 Years, Bachelor of Technology)",GM,OPEN,Neutral,25502,25502
"Nitte Meenakshi Institute of Technology-Yelahanka, Bengaluru","Information Science & Engineering (4 Years, Bachelor of Technology)",KKR,OPEN,Neutral,34193,34193
"Nitte Meenakshi Institute of Technology-Yelahanka, Bengaluru","Mechanical Engineering (4 Years, Bachelor of Technology)",GM,OPEN,Neutral,77414,77414
"P.E.S.College of Engineering-PES College Road, Mandya","Civil Engineering (4 Years, Bachelor of Technology)",GM,OPEN,Neutral,110449,110449
"P.E.S.College of Engineering-PES College Road, Mandya","Computer Science & Business Systems (4 Years, Bachelor of Technology)",GM,OPEN,Neutral,52714,52714
"P.E.S.College of Engineering-PES College Road, Mandya","Computer Science & Business Systems (4 Years, Bachelor of Technology)",KKR,OPEN,Neutral,81727,81727
"P.E.S.College of Engineering-PES College Road, Mandya","Computer Science & Engineering (4 Years, Bachelor of Technology)",GM,OPEN,Neutral,82113,82113
"P.E.S.College of Engineering-PES College Road, Mandya","Computer Science & Engineering (4 Years, Bachelor of Technology)",KKR,OPEN,Neutral,110014,110014
"P.E.S.College of Engineering-PES College Road, Mandya","Computer Science & Engineering (Artificial Intelligence & Machine Learning) (4 Years, Bachelor of Technology)",GM,OPEN,Neutral,62004,62004
"P.E.S.College of Engineering-PES College Road, Mandya","Computer Science & Engineering (Artificial Intelligence & Machine Learning) (4 Years, Bachelor of Technology)",KKR,OPEN,Neutral,103061,103061
"P.E.S.College of Engineering-PES College Road, Mandya","Computer Science & Engineering (Data Science) (4 Years, Bachelor of Technology)",GM,OPEN,Neutral,71221,71221
"P.E.S.College of Engineering-PES College Road, Mandya","Electrical & Electronics Engineering (4 Years, Bachelor of Technology)",GM,OPEN,Neutral,66533,66533
"P.E.S.College of Engineering-PES College Road, Mandya","Electronics & Comm- unication Engineering (4 Years, Bachelor of Technology)",GM,OPEN,Neutral,14934,14934
"P.E.S.College of Engineering-PES College Road, Mandya","Electronics & Communica- tion Engineering (4 Years, Bachelor of Technology)",GM,OPEN,Neutral,82264,82264
"P.E.S.College of Engineering-PES College Road, Mandya","Electronics & Communicati on Engineering (4 Years, Bachelor of Technology)",GM,OPEN,Neutral,41342,41342
"P.E.S.College of Engineering-PES College Road, Mandya","Electronics & Communication Engineering (4 Years, Bachelor of Technology)",GM,OPEN,Neutral,38987,38987
"P.E.S.College of Engineering-PES College Road, Mandya","Electronics and Comm- unication Engineering (VLSI Design & Technology) (4 Years, Bachelor of Technology)",GM,OPEN,Neutral,17464,17464
"P.E.S.College of Engineering-PES College Road, Mandya","Electronics and Communica- tion Engineering ( VLSI Design & Technology) (4 Years, Bachelor of Technology)",GM,OPEN,Neutral,43511,43511
"P.E.S.College of Engineering-PES College Road, Mandya","Electronics and Communica- tion Engineering (V LSI Design & Technology) (4 Years, Bachelor of Technology)",GM,OPEN,Neutral,95839,95839
"P.E.S.College of Engineering-PES College Road, Mandya","Information Science & Engineering (4 Years, Bachelor of Technology)",GM,OPEN,Neutral,92865,92865
"P.E.S.College of Engineering-PES College Road, Mandya","Robotics & Artificial Intelligence (4 Years, Bachelor of Technology)",GM,OPEN,Neutral,49355,49355
"PES Institute of Technology and Management-Kotegangoor Cost, Shivamogga","Artificial Intelligence & Machine Learning (4 Years, Bachelor of Technology)",GM,OPEN,Neutral,111068,111068
"PES Institute of Technology and Management-Kotegangoor Cost, Shivamogga","Artificial Intelligence & Machine Learning (4 Years, Bachelor of Technology)",KKR,OPEN,Neutral,97600,97600
"PES Institute of Technology and Management-Kotegangoor Cost, Shivamogga","Civil Engineering (4 Years, Bachelor of Technology)",GM,OPEN,Neutral,110360,110360
"PES Institute of Technology and Management-Kotegangoor Cost, Shivamogga","Computer Engineering (4 Years, Bachelor of Technology)",GM,OPEN,Neutral,110737,110737
"PES Institute of Technology and Management-Kotegangoor Cost, Shivamogga","Computer Science & Design (4 Years, Bachelor of Technology)",GM,OPEN,Neutral,56991,56991
"PES Institute of Technology and Management-Kotegangoor Cost, Shivamogga","Computer Science & Engineering (4 Years, Bachelor of Technology)",GM,OPEN,Neutral,84099,84099
"PES Institute of Technology and Management-Kotegangoor Cost, Shivamogga","Computer Science & Engineering (4 Years, Bachelor of Technology)",KKR,OPEN,Neutral,77624,77624
"PES Institute of Technology and Management-Kotegangoor Cost, Shivamogga","Computer Science & Engineering (Data Science) (4 Years, Bachelor of Technology)",GM,OPEN,Neutral,106482,106482
"PES Institute of Technology and Management-Kotegangoor Cost, Shivamogga","Electrical & Electronics Engineering (4 Years, Bachelor of Technology)",GM,OPEN,Neutral,110525,110525
"PES Institute of Technology and Management-Kotegangoor Cost, Shivamogga","Electronics & Comm- unication Engineering (4 Years, Bachelor of Technology)",GM,OPEN,Neutral,59109,59109
"PES Institute of Technology and Management-Kotegangoor Cost, Shivamogga","Electronics & Communicati on Engineering (4 Years, Bachelor of Technology)",GM,OPEN,Neutral,108985,108985
"PES Institute of Technology and Management-Kotegangoor Cost, Shivamogga","Information Science & Engineering (4 Years, Bachelor of Technology)",GM,OPEN,Neutral,107203,107203
"PES Institute of Technology and Management-Kotegangoor Cost, Shivamogga","Mechanical Engineering (4 Years, Bachelor of Technology)",GM,OPEN,Neutral,107842,107842
"Presidency University-Yelahanka, Bengaluru","Civil Engineering (4 Years, Bachelor of Technology)",GM,OPEN,Neutral,107673,107673
"Presidency University-Yelahanka, Bengaluru","Computer Science & Engineering (4 Years, Bachelor of Technology)",GM,OPEN,Neutral,108926,108926
"Presidency University-Yelahanka, Bengaluru","Computer Science & Engineering (4 Years, Bachelor of Technology)",KKR,OPEN,Neutral,104355,104355
"Presidency University-Yelahanka, Bengaluru","Computer Science & Engineering (Artificial Intelligence & Machine Learning) (4 Years, Bachelor of Technology)",GM,OPEN,Neutral,108990,108990
"Presidency University-Yelahanka, Bengaluru","Computer Science & Engineering (Artificial Intelligence & Machine Learning) (4 Years, Bachelor of Technology)",KKR,OPEN,Neutral,86987,86987
"Presidency University-Yelahanka, Bengaluru","Computer Science & Engineering (Block Chain) (4 Years, Bachelor of Technology)",GM,OPEN,Neutral,85739,85739
"Presidency University-Yelahanka, Bengaluru","Computer Science & Engineering (Block Chain) (4 Years, Bachelor of Technology)",KKR,OPEN,Neutral,93683,93683
"Presidency University-Yelahanka, Bengaluru","Computer Science & Engineering (Cyber Security) (4 Years, Bachelor of Technology)",GM,OPEN,Neutral,82366,82366
"Presidency University-Yelahanka, Bengaluru","Computer Science & Engineering (Cyber Security) (4 Years, Bachelor of Technology)",KKR,OPEN,Neutral,95816,95816
"Presidency University-Yelahanka, Bengaluru","Computer Science & Engineering (Data Science) (4 Years, Bachelor of Technology)",GM,OPEN,Neutral,102072,102072
"Presidency University-Yelahanka, Bengaluru","Computer Science & Engineering (Data Science) (4 Years, Bachelor of Technology)",KKR,OPEN,Neutral,95816,95816
"Presidency University-Yelahanka, Bengaluru","Computer Science & Engineering (IOT) (4 Years, Bachelor of Technology)",GM,OPEN,Neutral,107590,107590
"Presidency University-Yelahanka, Bengaluru","Computer Science & Engineering (IOT) (4 Years, Bachelor of Technology)",KKR,OPEN,Neutral,85352,85352
"Presidency University-Yelahanka, Bengaluru","Computer Science & Engineering (Networks) (4 Years, Bachelor of Technology)",GM,OPEN,Neutral,69387,69387
"Presidency University-Yelahanka, Bengaluru","Computer Science & Technology (Big Data) (4 Years, Bachelor of Technology)",GM,OPEN,Neutral,75355,75355
"Presidency University-Yelahanka, Bengaluru","Computer Science & Technology (Big Data) (4 Years, Bachelor of Technology)",KKR,OPEN,Neutral,99717,99717
"Presidency University-Yelahanka, Bengaluru","Computer Science & Technology (Devops) (4 Years, Bachelor of Technology)",GM,OPEN,Neutral,86348,86348
"Presidency University-Yelahanka, Bengaluru","Electrical & Electronics Engineering (4 Years, Bachelor of Technology)",GM,OPEN,Neutral,98399,98399
"Presidency University-Yelahanka, Bengaluru","Electronics & Comm- unication Engineering (4 Years, Bachelor of Technology)",GM,OPEN,Neutral,46780,46780
"Presidency University-Yelahanka, Bengaluru","Electronics & Comm- unication Engineering (4 Years, Bachelor of Technology)",KKR,OPEN,Neutral,110659,110659
"Presidency University-Yelahanka, Bengaluru","Electronics & Communicati on Engineering (4 Years, Bachelor of Technology)",GM,OPEN,Neutral,111665,111665
"Presidency University-Yelahanka, Bengaluru","Electronics & Communication Engineering (4 Years, Bachelor of Technology)",KKR,OPEN,Neutral,97035,97035
"Presidency University-Yelahanka, Bengaluru","Information Science & Engineering (4 Years, Bachelor of Technology)",GM,OPEN,Neutral,75506,75506
"Presidency University-Yelahanka, Bengaluru","Information Science & Engineering (4 Years, Bachelor of Technology)",KKR,OPEN,Neutral,74729,74729
"Presidency University-Yelahanka, Bengaluru","Information Science & Technology (4 Years, Bachelor of Technology)",GM,OPEN,Neutral,107866,107866
"Presidency University-Yelahanka, Bengaluru","VLSI (4 Years, Bachelor of Technology)",GM,OPEN,Neutral,89941,89941
"Presidency University-Yelahanka, Bengaluru","VLSI (4 Years, Bachelor of Technology)",KKR,OPEN,Neutral,88206,88206
"Proudhadevaraya Institute of Technology-TB Dam Road, Hosapete","Computer Science & Engineering (4 Years, Bachelor of Technology)",GM,OPEN,Neutral,72637,72637
"Proudhadevaraya Institute of Technology-TB Dam Road, Hosapete","Computer Science & Engineering (Artificial Intelligence & Machine Learning) (4 Years, Bachelor of Technology)",GM,OPEN,Neutral,82466,82466
"R T E Societys Rural Engineering College-Hulkoti, Gadag","Artificial Intelligence & Machine Learning (4 Years, Bachelor of Technology)",GM,OPEN,Neutral,107722,107722
"R T E Societys Rural Engineering College-Hulkoti, Gadag","Computer Science & Engineering (4 Years, Bachelor of Technology)",GM,OPEN,Neutral,78362,78362
"R T E Societys Rural Engineering College-Hulkoti, Gadag","Mechanical Engineering (4 Years, Bachelor of Technology)",GM,OPEN,Neutral,102117,102117
"R V College of Engineering-Mysore Road, Bengaluru","Aerospace Engineering (4 Years, Bachelor of Technology)",GM,OPEN,Neutral,6429,6429
"R V College of Engineering-Mysore Road, Bengaluru","Aerospace Engineering (4 Years, Bachelor of Technology)",KKR,OPEN,Neutral,24703,24703
"R V College of Engineering-Mysore Road, Bengaluru","Bio technology (4 Years, Bachelor of Technology)",GM,OPEN,Neutral,8569,8569
"R V College of Engineering-Mysore Road, Bengaluru","Bio technology (4 Years, Bachelor of Technology)",KKR,OPEN,Neutral,27720,27720
"R V College of Engineering-Mysore Road, Bengaluru","Bio- technology (4 Years, Bachelor of Technology)",GM,OPEN,Neutral,18883,18883
"R V College of Engineering-Mysore Road, Bengaluru","Bio- technology (4 Years, Bachelor of Technology)",KKR,OPEN,Neutral,16843,16843
"R V College of Engineering-Mysore Road, Bengaluru","Biotechnology (4 Years, Bachelor of Technology)",GM,OPEN,Neutral,21320,21320
"R V College of Engineering-Mysore Road, Bengaluru","Biotechnology (4 Years, Bachelor of Technology)",KKR,OPEN,Neutral,47177,47177
"R V College of Engineering-Mysore Road, Bengaluru","Chemical Engineering (4 Years, Bachelor of Technology)",GM,OPEN,Neutral,16403,16403
"R V College of Engineering-Mysore Road, Bengaluru","Chemical Engineering (4 Years, Bachelor of Technology)",KKR,OPEN,Neutral,76609,76609
"R V College of Engineering-Mysore Road, Bengaluru","Civil Engineering (4 Years, Bachelor of Technology)",GM,OPEN,Neutral,37093,37093
"R V College of Engineering-Mysore Road, Bengaluru","Civil Engineering (4 Years, Bachelor of Technology)",KKR,OPEN,Neutral,77467,77467
"R V College of Engineering-Mysore Road, Bengaluru","Computer Science & Engineering (4 Years, Bachelor of Technology)",GM,OPEN,Neutral,692,692
"R V College of Engineering-Mysore Road, Bengaluru","Computer Science & Engineering (4 Years, Bachelor of Technology)",KKR,OPEN,Neutral,1133,1133
"R V College of Engineering-Mysore Road, Bengaluru","Computer Science & Engineering (Artificial Intelligence & Machine Learning) (4 Years, Bachelor of Technology)",GM,OPEN,Neutral,975,975
"R V College of Engineering-Mysore Road, Bengaluru","Computer Science & Engineering (Artificial Intelligence & Machine Learning) (4 Years, Bachelor of Technology)",KKR,OPEN,Neutral,2388,2388
"R V College of Engineering-Mysore Road, Bengaluru","Computer Science & Engineering (Cyber Security) (4 Years, Bachelor of Technology)",GM,OPEN,Neutral,1091,1091
"R V College of Engineering-Mysore Road, Bengaluru","Computer Science & Engineering (Cyber Security) (4 Years, Bachelor of Technology)",KKR,OPEN,Neutral,3368,3368
"R V College of Engineering-Mysore Road, Bengaluru","Computer Science & Engineering (Data Science) (4 Years, Bachelor of Technology)",GM,OPEN,Neutral,890,890
"R V College of Engineering-Mysore Road, Bengaluru","Computer Science & Engineering (Data Science) (4 Years, Bachelor of Technology)",KKR,OPEN,Neutral,2557,2557
"R V College of Engineering-Mysore Road, Bengaluru","Electrical & Electronics Engineering (4 Years, Bachelor of Technology)",GM,OPEN,Neutral,4848,4848
"R V College of Engineering-Mysore Road, Bengaluru","Electrical & Electronics Engineering (4 Years, Bachelor of Technology)",KKR,OPEN,Neutral,18394,18394
"R V College of Engineering-Mysore Road, Bengaluru","Electronics & Comm- unication Engineering (4 Years, Bachelor of Technology)",GM,OPEN,Neutral,808,808
"R V College of Engineering-Mysore Road, Bengaluru","Electronics & Comm- unication Engineering (4 Years, Bachelor of Technology)",KKR,OPEN,Neutral,3376,3376
"R V College of Engineering-Mysore Road, Bengaluru","Electronics & Communica- tion Engineering (4 Years, Bachelor of Technology)",GM,OPEN,Neutral,1399,1399
"R V College of Engineering-Mysore Road, Bengaluru","Electronics & Communicati on Engineering (4 Years, Bachelor of Technology)",GM,OPEN,Neutral,1077,1077
"R V College of Engineering-Mysore Road, Bengaluru","Electronics & Communication Engineering (4 Years, Bachelor of Technology)",GM,OPEN,Neutral,1636,1636
"R V College of Engineering-Mysore Road, Bengaluru","Electronics & Communication Engineering (4 Years, Bachelor of Technology)",KKR,OPEN,Neutral,5164,5164
"R V College of Engineering-Mysore Road, Bengaluru","Electronics & Tele comm- unication Engineering (4 Years, Bachelor of Technology)",GM,OPEN,Neutral,1155,1155
"R V College of Engineering-Mysore Road, Bengaluru","Electronics & Tele comm- unication Engineering (4 Years, Bachelor of Technology)",KKR,OPEN,Neutral,5090,5090
"R V College of Engineering-Mysore Road, Bengaluru","Electronics & Telecomm- unication Engineering (4 Years, Bachelor of Technology)",GM,OPEN,Neutral,1063,1063
"R V College of Engineering-Mysore Road, Bengaluru","Electronics & Telecomm- unication Engineering (4 Years, Bachelor of Technology)",KKR,OPEN,Neutral,4923,4923
"R V College of Engineering-Mysore Road, Bengaluru","Electronics & Telecommu- nication Engineering (4 Years, Bachelor of Technology)",GM,OPEN,Neutral,1790,1790
"R V College of Engineering-Mysore Road, Bengaluru","Electronics & Telecommunicati on Engineering (4 Years, Bachelor of Technology)",GM,OPEN,Neutral,3086,3086
"R V College of Engineering-Mysore Road, Bengaluru","Electronics & Telecommunicati on Engineering (4 Years, Bachelor of Technology)",KKR,OPEN,Neutral,8527,8527
"R V College of Engineering-Mysore Road, Bengaluru","Industrial Engineering & Management (4 Years, Bachelor of Technology)",GM,OPEN,Neutral,26722,26722
"R V College of Engineering-Mysore Road, Bengaluru","Industrial Engineering & Management (4 Years, Bachelor of Technology)",KKR,OPEN,Neutral,50005,50005
"R V College of Engineering-Mysore Road, Bengaluru","Information Science & Engineering (4 Years, Bachelor of Technology)",GM,OPEN,Neutral,799,799
"R V College of Engineering-Mysore Road, Bengaluru","Information Science & Engineering (4 Years, Bachelor of Technology)",KKR,OPEN,Neutral,2053,2053
"R V College of Engineering-Mysore Road, Bengaluru","Mechanical Engineering (4 Years, Bachelor of Technology)",GM,OPEN,Neutral,10449,10449
"R V College of Engineering-Mysore Road, Bengaluru","Mechanical Engineering (4 Years, Bachelor of Technology)",KKR,OPEN,Neutral,39827,39827
"R V Institute of Technology and Management-J P Nagar, Bengaluru","Computer Science & Engineering (4 Years, Bachelor of Technology)",GM,OPEN,Neutral,21189,21189
"R V Institute of Technology and Management-J P Nagar, Bengaluru","Computer Science & Engineering (4 Years, Bachelor of Technology)",KKR,OPEN,Neutral,31537,31537
"R V Institute of Technology and Management-J P Nagar, Bengaluru","Computer Science & Engineering (Artificial Intelligence & Machine Learning) (4 Years, Bachelor of Technology)",GM,OPEN,Neutral,24673,24673
"R V Institute of Technology and Management-J P Nagar, Bengaluru","Computer Science & Engineering (Artificial Intelligence & Machine Learning) (4 Years, Bachelor of Technology)",KKR,OPEN,Neutral,33761,33761
"R V Institute of Technology and Management-J P Nagar, Bengaluru","Electronics & Comm- unication Engineering (4 Years, Bachelor of Technology)",GM,OPEN,Neutral,11669,11669
"R V Institute of Technology and Management-J P Nagar, Bengaluru","Electronics & Comm- unication Engineering (4 Years, Bachelor of Technology)",KKR,OPEN,Neutral,33761,33761
"R V Institute of Technology and Management-J P Nagar, Bengaluru","Electronics & Communica- tion Engineering (4 Years, Bachelor of Technology)",GM,OPEN,Neutral,25588,25588
"R V Institute of Technology and Management-J P Nagar, Bengaluru","Electronics & Communicati on Engineering (4 Years, Bachelor of Technology)",GM,OPEN,Neutral,18473,18473
"R V Institute of Technology and Management-J P Nagar, Bengaluru","Electronics & Communication Engineering (4 Years, Bachelor of Technology)",GM,OPEN,Neutral,22853,22853
"R V Institute of Technology and Management-J P Nagar, Bengaluru","Electronics & Communication Engineering (4 Years, Bachelor of Technology)",KKR,OPEN,Neutral,45563,45563
"R V Institute of Technology and Management-J P Nagar, Bengaluru","Information Science & Engineering (4 Years, Bachelor of Technology)",GM,OPEN,Neutral,19948,19948
"R V Institute of Technology and Management-J P Nagar, Bengaluru","Information Science & Engineering (4 Years, Bachelor of Technology)",KKR,OPEN,Neutral,29521,29521
"R.L. Jalappa Institute of Technology-Kodigehalli, Doddaballapur","Computer Science & Engineering (4 Years, Bachelor of Technology)",GM,OPEN,Neutral,57127,57127
"R.L. Jalappa Institute of Technology-Kodigehalli, Doddaballapur","Computer Science & Engineering (Artificial Intelligence & Machine Learning) (4 Years, Bachelor of Technology)",GM,OPEN,Neutral,106963,106963
"R.L. Jalappa Institute of Technology-Kodigehalli, Doddaballapur","Computer Science & Engineering (Cyber Security) (4 Years, Bachelor of Technology)",GM,OPEN,Neutral,106576,106576
"R.L. Jalappa Institute of Technology-Kodigehalli, Doddaballapur","Computer Science & Engineering (Data Science) (4 Years, Bachelor of Technology)",GM,OPEN,Neutral,84087,84087
"R.R. Institute of Technology-Chikkabanavara, Bengaluru","Artificial Intelligence & Machine Learning (4 Years, Bachelor of Technology)",GM,OPEN,Neutral,96398,96398
"R.R. Institute of Technology-Chikkabanavara, Bengaluru","Artificial Intelligence & Machine Learning (4 Years, Bachelor of Technology)",KKR,OPEN,Neutral,105479,105479
"R.R. Institute of Technology-Chikkabanavara, Bengaluru","Computer Science & Engineering (4 Years, Bachelor of Technology)",GM,OPEN,Neutral,109273,109273
"R.R. Institute of Technology-Chikkabanavara, Bengaluru","Computer Science & Engineering (IOT & Cyber Security Including Block Chain Technology) (4 Years, Bachelor of Technology)",GM,OPEN,Neutral,42439,42439
"R.R. Institute of Technology-Chikkabanavara, Bengaluru","Electronics & Comm- unication Engineering (4 Years, Bachelor of Technology)",GM,OPEN,Neutral,87953,87953
"R.R. Institute of Technology-Chikkabanavara, Bengaluru","Electronics & Computer Science (4 Years, Bachelor of Technology)",GM,OPEN,Neutral,108689,108689
"R.R. Institute of Technology-Chikkabanavara, Bengaluru","Information Science & Engineering (4 Years, Bachelor of Technology)",GM,OPEN,Neutral,107203,107203
"RNS Institute of Technology-R R Nagar Post, Bengaluru","Civil Engineering (4 Years, Bachelor of Technology)",GM,OPEN,Neutral,92294,92294
"RNS Institute of Technology-R R Nagar Post, Bengaluru","Civil Engineering (4 Years, Bachelor of Technology)",KKR,OPEN,Neutral,84129,84129
"RNS Institute of Technology-R R Nagar Post, Bengaluru","Computer Science & Engineering (4 Years, Bachelor of Technology)",GM,OPEN,Neutral,42678,42678
"RNS Institute of Technology-R R Nagar Post, Bengaluru","Computer Science & Engineering (4 Years, Bachelor of Technology)",KKR,OPEN,Neutral,52821,52821
"RNS Institute of Technology-R R Nagar Post, Bengaluru","Computer Science & Engineering (Artificial Intelligence & Machine Learning) (4 Years, Bachelor of Technology)",GM,OPEN,Neutral,46906,46906
"RNS Institute of Technology-R R Nagar Post, Bengaluru","Computer Science & Engineering (Artificial Intelligence & Machine Learning) (4 Years, Bachelor of Technology)",KKR,OPEN,Neutral,58192,58192
"RNS Institute of Technology-R R Nagar Post, Bengaluru","Computer Science & Engineering (Cyber Security) (4 Years, Bachelor of Technology)",GM,OPEN,Neutral,50778,50778
"RNS Institute of Technology-R R Nagar Post, Bengaluru","Computer Science & Engineering (Cyber Security) (4 Years, Bachelor of Technology)",KKR,OPEN,Neutral,69057,69057
"RNS Institute of Technology-R R Nagar Post, Bengaluru","Computer Science & Engineering (Data Science) (4 Years, Bachelor of Technology)",GM,OPEN,Neutral,48497,48497
"RNS Institute of Technology-R R Nagar Post, Bengaluru","Computer Science & Engineering (Data Science) (4 Years, Bachelor of Technology)",KKR,OPEN,Neutral,64916,64916
"RNS Institute of Technology-R R Nagar Post, Bengaluru","Electrical & Electronics Engineering (4 Years, Bachelor of Technology)",GM,OPEN,Neutral,89917,89917
"RNS Institute of Technology-R R Nagar Post, Bengaluru","Electrical & Electronics Engineering (4 Years, Bachelor of Technology)",KKR,OPEN,Neutral,74896,74896
"RNS Institute of Technology-R R Nagar Post, Bengaluru","Electronics & Comm- unication Engineering (4 Years, Bachelor of Technology)",GM,OPEN,Neutral,28423,28423
"RNS Institute of Technology-R R Nagar Post, Bengaluru","Electronics & Comm- unication Engineering (4 Years, Bachelor of Technology)",KKR,OPEN,Neutral,69830,69830
"RNS Institute of Technology-R R Nagar Post, Bengaluru","Electronics & Communica- tion Engineering (4 Years, Bachelor of Technology)",GM,OPEN,Neutral,68546,68546
"RNS Institute of Technology-R R Nagar Post, Bengaluru","Electronics & Communicati on Engineering (4 Years, Bachelor of Technology)",GM,OPEN,Neutral,40410,40410
"RNS Institute of Technology-R R Nagar Post, Bengaluru","Electronics & Communication Engineering (4 Years, Bachelor of Technology)",GM,OPEN,Neutral,90378,90378
"RNS Institute of Technology-R R Nagar Post, Bengaluru","Electronics & Communication Engineering (4 Years, Bachelor of Technology)",KKR,OPEN,Neutral,80616,80616
"RNS Institute of Technology-R R Nagar Post, Bengaluru","Mechanical Engineering (4 Years, Bachelor of Technology)",GM,OPEN,Neutral,89591,89591
"Raja Rajeswari College of Engineering-Kumbalgodu, Bengaluru","Artificial Intelligence & Machine Learning (4 Years, Bachelor of Technology)",GM,OPEN,Neutral,108837,108837
"Raja Rajeswari College of Engineering-Kumbalgodu, Bengaluru","Computer Science & Design (4 Years, Bachelor of Technology)",GM,OPEN,Neutral,107629,107629
"Raja Rajeswari College of Engineering-Kumbalgodu, Bengaluru","Computer Science & Engineering (4 Years, Bachelor of Technology)",GM,OPEN,Neutral,108415,108415
"Raja Rajeswari College of Engineering-Kumbalgodu, Bengaluru","Computer Science & Engineering (4 Years, Bachelor of Technology)",KKR,OPEN,Neutral,93651,93651
"Raja Rajeswari College of Engineering-Kumbalgodu, Bengaluru","Computer Science & Engineering (IOT & Cyber Security Including Block Chain Technology) (4 Years, Bachelor of Technology)",GM,OPEN,Neutral,110484,110484
"Raja Rajeswari College of Engineering-Kumbalgodu, Bengaluru","Electronics & Comm- unication Engineering (4 Years, Bachelor of Technology)",GM,OPEN,Neutral,110716,110716
"Raja Rajeswari College of Engineering-Kumbalgodu, Bengaluru","Electronics & Communicati on Engineering (4 Years, Bachelor of Technology)",GM,OPEN,Neutral,56779,56779
"Raja Rajeswari College of Engineering-Kumbalgodu, Bengaluru","Information Science & Engineering (4 Years, Bachelor of Technology)",GM,OPEN,Neutral,111599,111599
"Raja Rajeswari College of Engineering-Kumbalgodu, Bengaluru","Robotics & Automation (4 Years, Bachelor of Technology)",GM,OPEN,Neutral,85937,85937
"Rajeev Institute of Technology-BM Bypass Road, Hassan","Artificial Intelligence & Data Science (4 Years, Bachelor of Technology)",GM,OPEN,Neutral,81336,81336
"Rajeev Institute of Technology-BM Bypass Road, Hassan","Computer Science & Engineering (4 Years, Bachelor of Technology)",GM,OPEN,Neutral,111515,111515
"Rajeev Institute of Technology-BM Bypass Road, Hassan","Electronics & Comm- unication Engineering (4 Years, Bachelor of Technology)",GM,OPEN,Neutral,86802,86802
"Rajeev Institute of Technology-BM Bypass Road, Hassan","Mechanical Engineering (4 Years, Bachelor of Technology)",GM,OPEN,Neutral,89946,89946
"Rajiv Gandhi Institute of Technology-R T Nagar Post, Bengaluru","Artificial Intelligence & Machine Learning (4 Years, Bachelor of Technology)",GM,OPEN,Neutral,86945,86945
"Rajiv Gandhi Institute of Technology-R T Nagar Post, Bengaluru","Bio- Medical Engineering (4 Years, Bachelor of Technology)",GM,OPEN,Neutral,96470,96470
"Rajiv Gandhi Institute of Technology-R T Nagar Post, Bengaluru","Computer Science & Engineering (4 Years, Bachelor of Technology)",GM,OPEN,Neutral,104449,104449
"Rajiv Gandhi Institute of Technology-R T Nagar Post, Bengaluru","Computer Science & Engineering (Artificial Intelligence) (4 Years, Bachelor of Technology)",GM,OPEN,Neutral,53038,53038
"Rajiv Gandhi Institute of Technology-R T Nagar Post, Bengaluru","Computer Science & Engineering (IOT & Cyber Security Including Block Chain Technology) (4 Years, Bachelor of Technology)",GM,OPEN,Neutral,111754,111754
"Rajiv Gandhi Institute of Technology-R T Nagar Post, Bengaluru","Electronics & Comm- unication Engineering (4 Years, Bachelor of Technology)",GM,OPEN,Neutral,110946,110946
"Rajiv Gandhi Institute of Technology-R T Nagar Post, Bengaluru","Electronics & Communicati on Engineering (4 Years, Bachelor of Technology)",GM,OPEN,Neutral,67192,67192
"Rajiv Gandhi Institute of Technology-R T Nagar Post, Bengaluru","Information Science & Engineering (4 Years, Bachelor of Technology)",GM,OPEN,Neutral,82104,82104
"Rajiv Gandhi Institute of Technology-R T Nagar Post, Bengaluru","Mechanical Engineering (4 Years, Bachelor of Technology)",GM,OPEN,Neutral,110992,110992
"Rao Bahadur Y Mahabaleswarappa Engineering College-Cantonment, Ballari","Computer Science & Engineering (4 Years, Bachelor of Technology)",GM,OPEN,Neutral,31584,31584
"Rao Bahadur Y Mahabaleswarappa Engineering College-Cantonment, Ballari","Computer Science & Engineering (Artificial Intelligence & Machine Learning) (4 Years, Bachelor of Technology)",GM,OPEN,Neutral,92820,92820
"Reva University-Yelahanka, Bengaluru","Agricultural Engineering (4 Years, Bachelor of Technology)",GM,OPEN,Neutral,71914,71914
"Reva University-Yelahanka, Bengaluru","Agricultural Engineering (4 Years, Bachelor of Technology)",KKR,OPEN,Neutral,86205,86205
"Reva University-Yelahanka, Bengaluru","Artificial Intelligence & Data Science (4 Years, Bachelor of Technology)",GM,OPEN,Neutral,61900,61900
"Reva University-Yelahanka, Bengaluru","Artificial Intelligence & Data Science (4 Years, Bachelor of Technology)",KKR,OPEN,Neutral,84760,84760
"Reva University-Yelahanka, Bengaluru","Civil Engineering (4 Years, Bachelor of Technology)",GM,OPEN,Neutral,102529,102529
"Reva University-Yelahanka, Bengaluru","Civil Engineering (4 Years, Bachelor of Technology)",KKR,OPEN,Neutral,108551,108551
"Reva University-Yelahanka, Bengaluru","Computer Science & Engineering (Artificial Intelligence & Machine Learning) (4 Years, Bachelor of Technology)",GM,OPEN,Neutral,44001,44001
"Reva University-Yelahanka, Bengaluru","Computer Science & Engineering (Artificial Intelligence & Machine Learning) (4 Years, Bachelor of Technology)",KKR,OPEN,Neutral,94404,94404
"Reva University-Yelahanka, Bengaluru","Computer Science & Engineering (IOT & Cyber Security Including Block Chain Technology) (4 Years, Bachelor of Technology)",GM,OPEN,Neutral,93248,93248
"Reva University-Yelahanka, Bengaluru","Computer Science & Engineering (IOT & Cyber Security Including Block Chain Technology) (4 Years, Bachelor of Technology)",KKR,OPEN,Neutral,100736,100736
"Reva University-Yelahanka, Bengaluru","Computer Science & Information Technology (4 Years, Bachelor of Technology)",GM,OPEN,Neutral,71315,71315
"Reva University-Yelahanka, Bengaluru","Computer Science & Information Technology (4 Years, Bachelor of Technology)",KKR,OPEN,Neutral,110659,110659
"Reva University-Yelahanka, Bengaluru","Electrical & Electronics Engineering (4 Years, Bachelor of Technology)",GM,OPEN,Neutral,55925,55925
"Reva University-Yelahanka, Bengaluru","Electronics & Comm- unication Engineering (4 Years, Bachelor of Technology)",GM,OPEN,Neutral,30251,30251
"Reva University-Yelahanka, Bengaluru","Electronics & Comm- unication Engineering (4 Years, Bachelor of Technology)",KKR,OPEN,Neutral,77801,77801
"Reva University-Yelahanka, Bengaluru","Electronics & Communica- tion Engineering (4 Years, Bachelor of Technology)",GM,OPEN,Neutral,100240,100240
"Reva University-Yelahanka, Bengaluru","Electronics & Communicati on Engineering (4 Years, Bachelor of Technology)",GM,OPEN,Neutral,48305,48305
"Reva University-Yelahanka, Bengaluru","Electronics & Communication Engineering (4 Years, Bachelor of Technology)",GM,OPEN,Neutral,54133,54133
"Reva University-Yelahanka, Bengaluru","Electronics & Communication Engineering (4 Years, Bachelor of Technology)",KKR,OPEN,Neutral,93265,93265
"Reva University-Yelahanka, Bengaluru","Information Science & Engineering (4 Years, Bachelor of Technology)",GM,OPEN,Neutral,81333,81333
"Reva University-Yelahanka, Bengaluru","Information Science & Engineering (4 Years, Bachelor of Technology)",KKR,OPEN,Neutral,85319,85319
"Reva University-Yelahanka, Bengaluru","Mechanical Engineering (4 Years, Bachelor of Technology)",GM,OPEN,Neutral,28194,28194
"Reva University-Yelahanka, Bengaluru","Mechatronics Engineering (4 Years, Bachelor of Technology)",GM,OPEN,Neutral,48693,48693
"S J C Institute of Technology-BB Road, Chikkaballapur","Aeronautical Engineering (4 Years, Bachelor of Technology)",GM,OPEN,Neutral,111798,111798
"S J C Institute of Technology-BB Road, Chikkaballapur","Aerospace Engineering (4 Years, Bachelor of Technology)",GM,OPEN,Neutral,110023,110023
"S J C Institute of Technology-BB Road, Chikkaballapur","Artificial Intelligence & Data Science (4 Years, Bachelor of Technology)",GM,OPEN,Neutral,103949,103949
"S J C Institute of Technology-BB Road, Chikkaballapur","Computer Science & Design (4 Years, Bachelor of Technology)",GM,OPEN,Neutral,50876,50876
"S J C Institute of Technology-BB Road, Chikkaballapur","Computer Science & Engineering (4 Years, Bachelor of Technology)",GM,OPEN,Neutral,111716,111716
"S J C Institute of Technology-BB Road, Chikkaballapur","Computer Science & Engineering (Artificial Intelligence & Machine Learning) (4 Years, Bachelor of Technology)",GM,OPEN,Neutral,105536,105536
"S J C Institute of Technology-BB Road, Chikkaballapur","Electronics & Comm- unication Engineering (4 Years, Bachelor of Technology)",GM,OPEN,Neutral,88420,88420
"S J C Institute of Technology-BB Road, Chikkaballapur","Information Science & Engineering (4 Years, Bachelor of Technology)",GM,OPEN,Neutral,98759,98759
"S J C Institute of Technology-BB Road, Chikkaballapur","Mechanical Engineering (4 Years, Bachelor of Technology)",GM,OPEN,Neutral,52438,52438
"S.E.A. College of Engineering and Technology-K R Puram, Bengaluru","Artificial Intelligence & Data Science (4 Years, Bachelor of Technology)",GM,OPEN,Neutral,106414,106414
"S.E.A. College of Engineering and Technology-K R Puram, Bengaluru","Artificial Intelligence & Machine Learning (4 Years, Bachelor of Technology)",GM,OPEN,Neutral,100305,100305
"S.E.A. College of Engineering and Technology-K R Puram, Bengaluru","Computer Science & Engineering (4 Years, Bachelor of Technology)",GM,OPEN,Neutral,107036,107036
"S.E.A. College of Engineering and Technology-K R Puram, Bengaluru","Computer Science & Engineering (IOT & Cyber Security Including Block Chain Technology) (4 Years, Bachelor of Technology)",GM,OPEN,Neutral,93242,93242
"S.E.A. College of Engineering and Technology-K R Puram, Bengaluru","Electronics & Comm- unication Engineering (4 Years, Bachelor of Technology)",GM,OPEN,Neutral,55964,55964
"S.E.A. College of Engineering and Technology-K R Puram, Bengaluru","Information Science & Engineering (4 Years, Bachelor of Technology)",GM,OPEN,Neutral,97024,97024
"SDM College of Engineering and Technology, Tulu Minority- Kalaghatagi, Dharwad","Artificial Intelligence & Machine Learning (4 Years, Bachelor of Technology)",GM,OPEN,Neutral,62180,62180
"SDM College of Engineering and Technology, Tulu Minority- Kalaghatagi, Dharwad","Artificial Intelligence & Machine Learning (4 Years, Bachelor of Technology)",KKR,OPEN,Neutral,48195,48195
"SDM College of Engineering and Technology, Tulu Minority- Kalaghatagi, Dharwad","Chemical Engineering (4 Years, Bachelor of Technology)",GM,OPEN,Neutral,65355,65355
"SDM College of Engineering and Technology, Tulu Minority- Kalaghatagi, Dharwad","Civil Engineering (4 Years, Bachelor of Technology)",GM,OPEN,Neutral,41241,41241
"SDM College of Engineering and Technology, Tulu Minority- Kalaghatagi, Dharwad","Computer Science & Engineering (4 Years, Bachelor of Technology)",GM,OPEN,Neutral,51370,51370
"SDM College of Engineering and Technology, Tulu Minority- Kalaghatagi, Dharwad","Computer Science & Engineering (4 Years, Bachelor of Technology)",KKR,OPEN,Neutral,38815,38815
"SDM College of Engineering and Technology, Tulu Minority- Kalaghatagi, Dharwad","Electrical & Electronics Engineering (4 Years, Bachelor of Technology)",GM,OPEN,Neutral,85432,85432
"SDM College of Engineering and Technology, Tulu Minority- Kalaghatagi, Dharwad","Electrical & Electronics Engineering (4 Years, Bachelor of Technology)",KKR,OPEN,Neutral,90393,90393
"SDM College of Engineering and Technology, Tulu Minority- Kalaghatagi, Dharwad","Electronics & Communication Engineering (4 Years, Bachelor of Technology)",GM,OPEN,Neutral,95570,95570
"SDM College of Engineering and Technology, Tulu Minority- Kalaghatagi, Dharwad","Electronics & Communication Engineering (4 Years, Bachelor of Technology)",KKR,OPEN,Neutral,93641,93641
"SDM College of Engineering and Technology, Tulu Minority- Kalaghatagi, Dharwad","Information Science & Engineering (4 Years, Bachelor of Technology)",GM,OPEN,Neutral,93687,93687
"SDM College of Engineering and Technology, Tulu Minority- Kalaghatagi, Dharwad","Information Science & Engineering (4 Years, Bachelor of Technology)",KKR,OPEN,Neutral,50985,50985
"SDM College of Engineering and Technology, Tulu Minority- Kalaghatagi, Dharwad","Mechanical Engineering (4 Years, Bachelor of Technology)",GM,OPEN,Neutral,67872,67872
"SDM College of Engineering and Technology, Tulu Minority-Kalaghatagi, Dharwad","Artificial Intelligence & Machine Learning (4 Years, Bachelor of Technology)",GM,OPEN,Neutral,75645,75645
"SDM College of Engineering and Technology, Tulu Minority-Kalaghatagi, Dharwad","Artificial Intelligence & Machine Learning (4 Years, Bachelor of Technology)",KKR,OPEN,Neutral,69916,69916
"SDM College of Engineering and Technology, Tulu Minority-Kalaghatagi, Dharwad","Chemical Engineering (4 Years, Bachelor of Technology)",GM,OPEN,Neutral,88258,88258
"SDM College of Engineering and Technology, Tulu Minority-Kalaghatagi, Dharwad","Chemical Engineering (4 Years, Bachelor of Technology)",KKR,OPEN,Neutral,101383,101383
"SDM College of Engineering and Technology, Tulu Minority-Kalaghatagi, Dharwad","Civil Engineering (4 Years, Bachelor of Technology)",GM,OPEN,Neutral,106737,106737
"SDM College of Engineering and Technology, Tulu Minority-Kalaghatagi, Dharwad","Computer Science & Engineering (4 Years, Bachelor of Technology)",GM,OPEN,Neutral,68774,68774
"SDM College of Engineering and Technology, Tulu Minority-Kalaghatagi, Dharwad","Computer Science & Engineering (4 Years, Bachelor of Technology)",KKR,OPEN,Neutral,60203,60203
"SDM College of Engineering and Technology, Tulu Minority-Kalaghatagi, Dharwad","Electrical & Electronics Engineering (4 Years, Bachelor of Technology)",GM,OPEN,Neutral,107627,107627
"SDM College of Engineering and Technology, Tulu Minority-Kalaghatagi, Dharwad","Electrical & Electronics Engineering (4 Years, Bachelor of Technology)",KKR,OPEN,Neutral,81496,81496
"SDM College of Engineering and Technology, Tulu Minority-Kalaghatagi, Dharwad","Electronics & Comm- unication Engineering (4 Years, Bachelor of Technology)",GM,OPEN,Neutral,50691,50691
"SDM College of Engineering and Technology, Tulu Minority-Kalaghatagi, Dharwad","Electronics & Comm- unication Engineering (4 Years, Bachelor of Technology)",KKR,OPEN,Neutral,84027,84027
"SDM College of Engineering and Technology, Tulu Minority-Kalaghatagi, Dharwad","Electronics & Communica- tion Engineering (4 Years, Bachelor of Technology)",GM,OPEN,Neutral,88474,88474
"SDM College of Engineering and Technology, Tulu Minority-Kalaghatagi, Dharwad","Electronics & Communicati on Engineering (4 Years, Bachelor of Technology)",GM,OPEN,Neutral,66979,66979
"SDM College of Engineering and Technology, Tulu Minority-Kalaghatagi, Dharwad","Electronics & Communication Engineering (4 Years, Bachelor of Technology)",KKR,OPEN,Neutral,85876,85876
"SDM College of Engineering and Technology, Tulu Minority-Kalaghatagi, Dharwad","Information Science & Engineering (4 Years, Bachelor of Technology)",GM,OPEN,Neutral,79990,79990
"SDM College of Engineering and Technology, Tulu Minority-Kalaghatagi, Dharwad","Information Science & Engineering (4 Years, Bachelor of Technology)",KKR,OPEN,Neutral,74251,74251
"SDM College of Engineering and Technology, Tulu Minority-Kalaghatagi, Dharwad","Mechanical Engineering (4 Years, Bachelor of Technology)",GM,OPEN,Neutral,109315,109315
"SDM Institute of Technology, Tulu Minority-Ujjire, Dakshina Kannada","Artificial Intelligence & Data Science (4 Years, Bachelor of Technology)",GM,OPEN,Neutral,77621,77621
"SDM Institute of Technology, Tulu Minority-Ujjire, Dakshina Kannada","Computer Science & Engineering (4 Years, Bachelor of Technology)",GM,OPEN,Neutral,89042,89042
"SDM Institute of Technology, Tulu Minority-Ujjire, Dakshina Kannada","Electronics & Comm- unication Engineering (4 Years, Bachelor of Technology)",GM,OPEN,Neutral,74248,74248
"SDM Institute of Technology, Tulu Minority-Ujjire, Dakshina Kannada","Electronics & Communica- tion Engineering (4 Years, Bachelor of Technology)",GM,OPEN,Neutral,97963,97963
"SDM Institute of Technology, Tulu Minority-Ujjire, Dakshina Kannada","Information Science & Engineering (4 Years, Bachelor of Technology)",GM,OPEN,Neutral,68213,68213
"SECAB Institute of Engineering andTechnology-Nauraspur-Bagalkot Road, Vijayapura","Computer Science & Engineering (4 Years, Bachelor of Technology)",GM,OPEN,Neutral,60213,60213
"SJB Institute of Technology-Kengeri, Bengaluru","Artificial Intelligence & Machine Learning (4 Years, Bachelor of Technology)",GM,OPEN,Neutral,103454,103454
"SJB Institute of Technology-Kengeri, Bengaluru","Artificial Intelligence & Machine Learning (4 Years, Bachelor of Technology)",KKR,OPEN,Neutral,110166,110166
"SJB Institute of Technology-Kengeri, Bengaluru","Civil Engineering (4 Years, Bachelor of Technology)",GM,OPEN,Neutral,107641,107641
"SJB Institute of Technology-Kengeri, Bengaluru","Computer Science & Engineering (4 Years, Bachelor of Technology)",GM,OPEN,Neutral,108764,108764
"SJB Institute of Technology-Kengeri, Bengaluru","Computer Science & Engineering (4 Years, Bachelor of Technology)",KKR,OPEN,Neutral,85620,85620
"SJB Institute of Technology-Kengeri, Bengaluru","Computer Science & Engineering (Data Science) (4 Years, Bachelor of Technology)",GM,OPEN,Neutral,111065,111065
"SJB Institute of Technology-Kengeri, Bengaluru","Computer Science & Engineering (Data Science) (4 Years, Bachelor of Technology)",KKR,OPEN,Neutral,109296,109296
"SJB Institute of Technology-Kengeri, Bengaluru","Electrical & Electronics Engineering (4 Years, Bachelor of Technology)",GM,OPEN,Neutral,90006,90006
"SJB Institute of Technology-Kengeri, Bengaluru","Electronics & Comm- unication Engineering (4 Years, Bachelor of Technology)",GM,OPEN,Neutral,52039,52039
"SJB Institute of Technology-Kengeri, Bengaluru","Electronics & Comm- unication Engineering (4 Years, Bachelor of Technology)",KKR,OPEN,Neutral,110168,110168
"SJB Institute of Technology-Kengeri, Bengaluru","Electronics & Communica- tion Engineering (4 Years, Bachelor of Technology)",GM,OPEN,Neutral,49351,49351
"SJB Institute of Technology-Kengeri, Bengaluru","Electronics & Communicati on Engineering (4 Years, Bachelor of Technology)",GM,OPEN,Neutral,109664,109664
"SJB Institute of Technology-Kengeri, Bengaluru","Electronics & Communication Engineering (4 Years, Bachelor of Technology)",GM,OPEN,Neutral,56636,56636
"SJB Institute of Technology-Kengeri, Bengaluru","Information Science & Engineering (4 Years, Bachelor of Technology)",GM,OPEN,Neutral,94373,94373
"SJB Institute of Technology-Kengeri, Bengaluru","Information Science & Engineering (4 Years, Bachelor of Technology)",KKR,OPEN,Neutral,104865,104865
"SJB Institute of Technology-Kengeri, Bengaluru","Mechanical Engineering (4 Years, Bachelor of Technology)",GM,OPEN,Neutral,109728,109728
"SJM Institute of Technology-NH 4 Bye-pass, Chitradurga","Artificial Intelligence & Machine Learning (4 Years, Bachelor of Technology)",GM,OPEN,Neutral,99035,99035
"SJM Institute of Technology-NH 4 Bye-pass, Chitradurga","Computer Science & Engineering (4 Years, Bachelor of Technology)",GM,OPEN,Neutral,86353,86353
"SJM Institute of Technology-NH 4 Bye-pass, Chitradurga","Electronics & Comm- unication Engineering (4 Years, Bachelor of Technology)",GM,OPEN,Neutral,59140,59140
"SSETs S.G. Balekundri Institute of Technology-Shivabasva Nagar, Belagavi","Artificial Intelligence & Data Science (4 Years, Bachelor of Technology)",GM,OPEN,Neutral,101776,101776
"SSETs S.G. Balekundri Institute of Technology-Shivabasva Nagar, Belagavi","Computer Science & Business Systems (4 Years, Bachelor of Technology)",GM,OPEN,Neutral,110996,110996
"SSETs S.G. Balekundri Institute of Technology-Shivabasva Nagar, Belagavi","Computer Science & Engineering (4 Years, Bachelor of Technology)",GM,OPEN,Neutral,108233,108233
"SSETs S.G. Balekundri Institute of Technology-Shivabasva Nagar, Belagavi","Electronics & Comm- unication Engineering (4 Years, Bachelor of Technology)",GM,OPEN,Neutral,90429,90429
"SSETs S.G. Balekundri Institute of Technology-Shivabasva Nagar, Belagavi","Electronics & Communication Engineering (4 Years, Bachelor of Technology)",GM,OPEN,Neutral,77011,77011
"Sahyadri College of Engineering and Management-Adyar, Mangaluru","Computer Science & Engineering (4 Years, Bachelor of Technology)",GM,OPEN,Neutral,104962,104962
"Sahyadri College of Engineering and Management-Adyar, Mangaluru","Computer Science & Engineering (4 Years, Bachelor of Technology)",KKR,OPEN,Neutral,72877,72877
"Sahyadri College of Engineering and Management-Adyar, Mangaluru","Computer Science & Engineering (Artificial Intelligence & Machine Learning) (4 Years, Bachelor of Technology)",GM,OPEN,Neutral,103600,103600
"Sahyadri College of Engineering and Management-Adyar, Mangaluru","Electronics & Comm- unication Engineering (4 Years, Bachelor of Technology)",GM,OPEN,Neutral,102881,102881
"Sahyadri College of Engineering and Management-Adyar, Mangaluru","Electronics & Communication Engineering (4 Years, Bachelor of Technology)",GM,OPEN,Neutral,66779,66779
"Sahyadri College of Engineering and Management-Adyar, Mangaluru","Information Science & Engineering (4 Years, Bachelor of Technology)",GM,OPEN,Neutral,102881,102881
"Sahyadri College of Engineering and Management-Adyar, Mangaluru","Mechanical Engineering (4 Years, Bachelor of Technology)",GM,OPEN,Neutral,97734,97734
"Sahyadri College of Engineering and Management-Adyar, Mangaluru","Robotics & Automation (4 Years, Bachelor of Technology)",GM,OPEN,Neutral,109219,109219
"Sai Vidya Institute of Technology-Rajan Kunte, Bengaluru","Civil Engineering (4 Years, Bachelor of Technology)",GM,OPEN,Neutral,105192,105192
"Sai Vidya Institute of Technology-Rajan Kunte, Bengaluru","Computer Science & Engineering (4 Years, Bachelor of Technology)",GM,OPEN,Neutral,109358,109358
"Sai Vidya Institute of Technology-Rajan Kunte, Bengaluru","Computer Science & Engineering (4 Years, Bachelor of Technology)",KKR,OPEN,Neutral,96291,96291
"Sai Vidya Institute of Technology-Rajan Kunte, Bengaluru","Computer Science & Engineering (Artificial Intelligence & Machine Learning) (4 Years, Bachelor of Technology)",GM,OPEN,Neutral,110575,110575
"Sai Vidya Institute of Technology-Rajan Kunte, Bengaluru","Computer Science & Engineering (Data Science) (4 Years, Bachelor of Technology)",GM,OPEN,Neutral,111627,111627
"Sai Vidya Institute of Technology-Rajan Kunte, Bengaluru","Electronics & Comm- unication Engineering (4 Years, Bachelor of Technology)",GM,OPEN,Neutral,108623,108623
"Sai Vidya Institute of Technology-Rajan Kunte, Bengaluru","Electronics & Communicati on Engineering (4 Years, Bachelor of Technology)",GM,OPEN,Neutral,33986,33986
"Sai Vidya Institute of Technology-Rajan Kunte, Bengaluru","Electronics & Communication Engineering (4 Years, Bachelor of Technology)",GM,OPEN,Neutral,73867,73867
"Sai Vidya Institute of Technology-Rajan Kunte, Bengaluru","Information Science & Engineering (4 Years, Bachelor of Technology)",GM,OPEN,Neutral,106810,106810
"Sai Vidya Institute of Technology-Rajan Kunte, Bengaluru","Mechanical Engineering (4 Years, Bachelor of Technology)",GM,OPEN,Neutral,97836,97836
"Sambhram Institute of Technology-Jalahalli East, Bengaluru","Artificial Intelligence & Data Science (4 Years, Bachelor of Technology)",GM,OPEN,Neutral,103357,103357
"Sambhram Institute of Technology-Jalahalli East, Bengaluru","Artificial Intelligence & Machine Learning (4 Years, Bachelor of Technology)",GM,OPEN,Neutral,107883,107883
"Sambhram Institute of Technology-Jalahalli East, Bengaluru","Computer Science & Engineering (4 Years, Bachelor of Technology)",GM,OPEN,Neutral,110352,110352
"Sambhram Institute of Technology-Jalahalli East, Bengaluru","Computer Science & Engineering (Cyber Security) (4 Years, Bachelor of Technology)",GM,OPEN,Neutral,107636,107636
"Sambhram Institute of Technology-Jalahalli East, Bengaluru","Electronics & Comm- unication Engineering (4 Years, Bachelor of Technology)",GM,OPEN,Neutral,94126,94126
"Sambhram Institute of Technology-Jalahalli East, Bengaluru","Information Science & Engineering (4 Years, Bachelor of Technology)",GM,OPEN,Neutral,74870,74870
"Sambhram Institute of Technology-Jalahalli East, Bengaluru","Mechanical Engineering (4 Years, Bachelor of Technology)",GM,OPEN,Neutral,90200,90200
"Sapthagiri NPS University-Hesarghatta Main Road, Bengaluru","Computer Science & Engineering (4 Years, Bachelor of Technology)",GM,OPEN,Neutral,110300,110300
"Sapthagiri NPS University-Hesarghatta Main Road, Bengaluru","Computer Science & Engineering (4 Years, Bachelor of Technology)",KKR,OPEN,Neutral,99336,99336
"Sapthagiri NPS University-Hesarghatta Main Road, Bengaluru","Computer Science & Engineering (Data Science) (4 Years, Bachelor of Technology)",GM,OPEN,Neutral,103424,103424
"Sapthagiri NPS University-Hesarghatta Main Road, Bengaluru","Computer Science & Engineering (Data Science) (4 Years, Bachelor of Technology)",KKR,OPEN,Neutral,79991,79991
"Sapthagiri NPS University-Hesarghatta Main Road, Bengaluru","Electrical & Electronics Engineering (4 Years, Bachelor of Technology)",GM,OPEN,Neutral,93840,93840
"Sapthagiri NPS University-Hesarghatta Main Road, Bengaluru","Electronics & Comm- unication Engineering (4 Years, Bachelor of Technology)",GM,OPEN,Neutral,61540,61540
"Sapthagiri NPS University-Hesarghatta Main Road, Bengaluru","Electronics & Communica- tion Engineering (4 Years, Bachelor of Technology)",GM,OPEN,Neutral,97031,97031
"Sapthagiri NPS University-Hesarghatta Main Road, Bengaluru","Electronics & Communicati on Engineering (4 Years, Bachelor of Technology)",GM,OPEN,Neutral,88619,88619
"Seshadripuram Institute of Technology - Jaipura Hobli, Mysuru","Artificial Intelligence & Machine Learning (4 Years, Bachelor of Technology)",GM,OPEN,Neutral,104925,104925
"Seshadripuram Institute of Technology - Jaipura Hobli, Mysuru","Computer Science & Engineering (4 Years, Bachelor of Technology)",GM,OPEN,Neutral,102501,102501
"Seshadripuram Institute of Technology - Jaipura Hobli, Mysuru","Electrical & Electronics Engineering (4 Years, Bachelor of Technology)",GM,OPEN,Neutral,89812,89812
"Seshadripuram Institute of Technology - Jaipura Hobli, Mysuru","Electronics & Comm- unication Engineering (4 Years, Bachelor of Technology)",GM,OPEN,Neutral,80032,80032
"Seshadripuram Institute of Technology - Jaipura Hobli, Mysuru","Electronics & Communicati on Engineering (4 Years, Bachelor of Technology)",GM,OPEN,Neutral,105585,105585
"Seshadripuram Institute of Technology - Jaipura Hobli, Mysuru","Information Science & Engineering (4 Years, Bachelor of Technology)",GM,OPEN,Neutral,80032,80032
"Seshadripuram Institute of Technology - Jaipura Hobli, Mysuru","Mechanical Engineering (4 Years, Bachelor of Technology)",GM,OPEN,Neutral,79498,79498
"Shetty Institute of Technology - Gulbarga Shahabad Road, Kalaburagi","Civil Engineering (4 Years, Bachelor of Technology)",GM,OPEN,Neutral,8078,8078
"Shetty Institute of Technology - Gulbarga Shahabad Road, Kalaburagi","Computer Science & Engineering (4 Years, Bachelor of Technology)",GM,OPEN,Neutral,44706,44706
"Shree Devi Institute of Technology-Kenjar, Mangaluru","Artificial Intelligence & Data Science (4 Years, Bachelor of Technology)",GM,OPEN,Neutral,75557,75557
"Shree Devi Institute of Technology-Kenjar, Mangaluru","Computer Science & Engineering (4 Years, Bachelor of Technology)",GM,OPEN,Neutral,87327,87327
"Shree Devi Institute of Technology-Kenjar, Mangaluru","Computer Science & Engineering (Artificial Intelligence & Machine Learning) (4 Years, Bachelor of Technology)",GM,OPEN,Neutral,81412,81412
"Shri Madhwa Vadiraja Institute of Technology and Management-Bantakal, Udupi","Artificial Intelligence & Data Science (4 Years, Bachelor of Technology)",GM,OPEN,Neutral,62552,62552
"Shri Madhwa Vadiraja Institute of Technology and Management-Bantakal, Udupi","Artificial Intelligence & Machine Learning (4 Years, Bachelor of Technology)",GM,OPEN,Neutral,68554,68554
"Shri Madhwa Vadiraja Institute of Technology and Management-Bantakal, Udupi","Computer Science & Engineering (4 Years, Bachelor of Technology)",GM,OPEN,Neutral,101913,101913
"Shri Madhwa Vadiraja Institute of Technology and Management-Bantakal, Udupi","Electronics & Comm- unication Engineering (4 Years, Bachelor of Technology)",GM,OPEN,Neutral,94586,94586
"Shridevi Institute of Engineering and Technology-Sira Road, Tumakuru","Artificial Intelligence & Data Science (4 Years, Bachelor of Technology)",GM,OPEN,Neutral,95597,95597
"Shridevi Institute of Engineering and Technology-Sira Road, Tumakuru","Artificial Intelligence & Machine Learning (4 Years, Bachelor of Technology)",GM,OPEN,Neutral,109969,109969
"Shridevi Institute of Engineering and Technology-Sira Road, Tumakuru","Computer Science & Engineering (4 Years, Bachelor of Technology)",GM,OPEN,Neutral,110829,110829
"Shridevi Institute of Engineering and Technology-Sira Road, Tumakuru","Cyber Security (4 Years, Bachelor of Technology)",GM,OPEN,Neutral,104762,104762
"Shridevi Institute of Engineering and Technology-Sira Road, Tumakuru","Electronics & Comm- unication Engineering (4 Years, Bachelor of Technology)",GM,OPEN,Neutral,73527,73527
"Siddaganga Institute of Technology-B H Road, Tumakuru","Artificial Intelligence & Data Science (4 Years, Bachelor of Technology)",GM,OPEN,Neutral,20614,20614
"Siddaganga Institute of Technology-B H Road, Tumakuru","Artificial Intelligence & Data Science (4 Years, Bachelor of Technology)",KKR,OPEN,Neutral,26286,26286
"Siddaganga Institute of Technology-B H Road, Tumakuru","Computer Science & Engineering (4 Years, Bachelor of Technology)",GM,OPEN,Neutral,19691,19691
"Siddaganga Institute of Technology-B H Road, Tumakuru","Computer Science & Engineering (4 Years, Bachelor of Technology)",KKR,OPEN,Neutral,32955,32955
"Siddaganga Institute of Technology-B H Road, Tumakuru","Computer Science & Engineering (Artificial Intelligence & Machine Learning) (4 Years, Bachelor of Technology)",GM,OPEN,Neutral,20772,20772
"Siddaganga Institute of Technology-B H Road, Tumakuru","Computer Science & Engineering (Artificial Intelligence & Machine Learning) (4 Years, Bachelor of Technology)",KKR,OPEN,Neutral,27910,27910
"Siddaganga Institute of Technology-B H Road, Tumakuru","Electrical & Electronics Engineering (4 Years, Bachelor of Technology)",GM,OPEN,Neutral,54573,54573
"Siddaganga Institute of Technology-B H Road, Tumakuru","Electronics & Comm- unication Engineering (4 Years, Bachelor of Technology)",GM,OPEN,Neutral,15210,15210
"Siddaganga Institute of Technology-B H Road, Tumakuru","Electronics & Comm- unication Engineering (4 Years, Bachelor of Technology)",KKR,OPEN,Neutral,39033,39033
"Siddaganga Institute of Technology-B H Road, Tumakuru","Electronics & Communica- tion Engineering (4 Years, Bachelor of Technology)",GM,OPEN,Neutral,35776,35776
"Siddaganga Institute of Technology-B H Road, Tumakuru","Electronics & Communicati on Engineering (4 Years, Bachelor of Technology)",GM,OPEN,Neutral,21476,21476
"Siddaganga Institute of Technology-B H Road, Tumakuru","Electronics & Communication Engineering (4 Years, Bachelor of Technology)",GM,OPEN,Neutral,49202,49202
"Siddaganga Institute of Technology-B H Road, Tumakuru","Electronics & Communication Engineering (4 Years, Bachelor of Technology)",KKR,OPEN,Neutral,47005,47005
"Siddaganga Institute of Technology-B H Road, Tumakuru","Electronics & Instrumentation Engineering (Inst. Technology) (4 Years, Bachelor of Technology)",GM,OPEN,Neutral,82084,82084
"Siddaganga Institute of Technology-B H Road, Tumakuru","Electronics & Telecommunicati on Engineering (4 Years, Bachelor of Technology)",GM,OPEN,Neutral,60147,60147
"Siddaganga Institute of Technology-B H Road, Tumakuru","Information Science & Engineering (4 Years, Bachelor of Technology)",GM,OPEN,Neutral,27637,27637
"Siddaganga Institute of Technology-B H Road, Tumakuru","Information Science & Engineering (4 Years, Bachelor of Technology)",KKR,OPEN,Neutral,41547,41547
"Sir M V School Of Architecture-Yelahanka, Bengaluru","Bachelor of Design (4 Years, Bachelor of Technology)",GM,OPEN,Neutral,103694,103694
"Sir M V School Of Architecture-Yelahanka, Bengaluru","Bachelor of Design (4 Years, Bachelor of Technology)",KKR,OPEN,Neutral,103694,103694
"Sir M V School Of Architecture-Yelahanka, Bengaluru","Bachelor of Urban & Regional Planning (4 Years, Bachelor of Technology)",GM,OPEN,Neutral,97535,97535
"Sir M.Visvesvaraya Institute of Technology-Yelahanka, Bengaluru","Artificial Intelligence & Machine Learning (4 Years, Bachelor of Technology)",GM,OPEN,Neutral,41674,41674
"Sir M.Visvesvaraya Institute of Technology-Yelahanka, Bengaluru","Artificial Intelligence & Machine Learning (4 Years, Bachelor of Technology)",KKR,OPEN,Neutral,63803,63803
"Sir M.Visvesvaraya Institute of Technology-Yelahanka, Bengaluru","Bio technology (4 Years, Bachelor of Technology)",GM,OPEN,Neutral,46769,46769
"Sir M.Visvesvaraya Institute of Technology-Yelahanka, Bengaluru","Bio- technology (4 Years, Bachelor of Technology)",GM,OPEN,Neutral,107254,107254
"Sir M.Visvesvaraya Institute of Technology-Yelahanka, Bengaluru","Bio- technology (4 Years, Bachelor of Technology)",KKR,OPEN,Neutral,44223,44223
"Sir M.Visvesvaraya Institute of Technology-Yelahanka, Bengaluru","Biotechnology (4 Years, Bachelor of Technology)",GM,OPEN,Neutral,44411,44411
"Sir M.Visvesvaraya Institute of Technology-Yelahanka, Bengaluru","Civil Engineering (4 Years, Bachelor of Technology)",GM,OPEN,Neutral,110094,110094
"Sir M.Visvesvaraya Institute of Technology-Yelahanka, Bengaluru","Civil Engineering (4 Years, Bachelor of Technology)",KKR,OPEN,Neutral,77464,77464
"Sir M.Visvesvaraya Institute of Technology-Yelahanka, Bengaluru","Computer Science & Engineering (4 Years, Bachelor of Technology)",GM,OPEN,Neutral,36563,36563
"Sir M.Visvesvaraya Institute of Technology-Yelahanka, Bengaluru","Computer Science & Engineering (4 Years, Bachelor of Technology)",KKR,OPEN,Neutral,63836,63836
"Sir M.Visvesvaraya Institute of Technology-Yelahanka, Bengaluru","Computer Science & Engineering (Data Science) (4 Years, Bachelor of Technology)",GM,OPEN,Neutral,37806,37806
"Sir M.Visvesvaraya Institute of Technology-Yelahanka, Bengaluru","Computer Science & Engineering (Data Science) (4 Years, Bachelor of Technology)",KKR,OPEN,Neutral,66538,66538
"Sir M.Visvesvaraya Institute of Technology-Yelahanka, Bengaluru","Computer Science & Engineering (IOT & Cyber Security Including Block Chain Technology) (4 Years, Bachelor of Technology)",GM,OPEN,Neutral,47216,47216
"Sir M.Visvesvaraya Institute of Technology-Yelahanka, Bengaluru","Computer Science & Engineering (IOT & Cyber Security Including Block Chain Technology) (4 Years, Bachelor of Technology)",KKR,OPEN,Neutral,89775,89775
"Sir M.Visvesvaraya Institute of Technology-Yelahanka, Bengaluru","Electrical & Electronics Engineering (4 Years, Bachelor of Technology)",GM,OPEN,Neutral,96996,96996
"Sir M.Visvesvaraya Institute of Technology-Yelahanka, Bengaluru","Electrical & Electronics Engineering (4 Years, Bachelor of Technology)",KKR,OPEN,Neutral,106062,106062
"Sir M.Visvesvaraya Institute of Technology-Yelahanka, Bengaluru","Electronics & Comm- unication Engineering (4 Years, Bachelor of Technology)",GM,OPEN,Neutral,21087,21087
"Sir M.Visvesvaraya Institute of Technology-Yelahanka, Bengaluru","Electronics & Comm- unication Engineering (4 Years, Bachelor of Technology)",KKR,OPEN,Neutral,81180,81180
"Sir M.Visvesvaraya Institute of Technology-Yelahanka, Bengaluru","Electronics & Communica- tion Engineering (4 Years, Bachelor of Technology)",GM,OPEN,Neutral,74763,74763
"Sir M.Visvesvaraya Institute of Technology-Yelahanka, Bengaluru","Electronics & Communicati on Engineering (4 Years, Bachelor of Technology)",GM,OPEN,Neutral,34643,34643
"Sir M.Visvesvaraya Institute of Technology-Yelahanka, Bengaluru","Electronics & Communication Engineering (4 Years, Bachelor of Technology)",GM,OPEN,Neutral,69137,69137
"Sir M.Visvesvaraya Institute of Technology-Yelahanka, Bengaluru","Electronics & Communication Engineering (4 Years, Bachelor of Technology)",KKR,OPEN,Neutral,100867,100867
"Sir M.Visvesvaraya Institute of Technology-Yelahanka, Bengaluru","Electronics & Computer Engineering (4 Years, Bachelor of Technology)",GM,OPEN,Neutral,102189,102189
"Sir M.Visvesvaraya Institute of Technology-Yelahanka, Bengaluru","Electronics & Computer Engineering (4 Years, Bachelor of Technology)",KKR,OPEN,Neutral,75283,75283
"Sir M.Visvesvaraya Institute of Technology-Yelahanka, Bengaluru","Electronics & Tele comm- unication Engineering (4 Years, Bachelor of Technology)",GM,OPEN,Neutral,29412,29412
"Sir M.Visvesvaraya Institute of Technology-Yelahanka, Bengaluru","Electronics & Telecomm- unication Engineering (4 Years, Bachelor of Technology)",GM,OPEN,Neutral,25400,25400
"Sir M.Visvesvaraya Institute of Technology-Yelahanka, Bengaluru","Electronics & Telecomm- unication Engineering (4 Years, Bachelor of Technology)",KKR,OPEN,Neutral,101006,101006
"Sir M.Visvesvaraya Institute of Technology-Yelahanka, Bengaluru","Electronics & Telecommu- nication Engineering (4 Years, Bachelor of Technology)",GM,OPEN,Neutral,78423,78423
"Sir M.Visvesvaraya Institute of Technology-Yelahanka, Bengaluru","Electronics & Telecommunicati on Engineering (4 Years, Bachelor of Technology)",GM,OPEN,Neutral,29786,29786
"Sir M.Visvesvaraya Institute of Technology-Yelahanka, Bengaluru","Electronics & Telecommunicati on Engineering (4 Years, Bachelor of Technology)",KKR,OPEN,Neutral,85096,85096
"Sir M.Visvesvaraya Institute of Technology-Yelahanka, Bengaluru","Information Science & Engineering (4 Years, Bachelor of Technology)",GM,OPEN,Neutral,53985,53985
"Sir M.Visvesvaraya Institute of Technology-Yelahanka, Bengaluru","Information Science & Engineering (4 Years, Bachelor of Technology)",KKR,OPEN,Neutral,72787,72787
"Sir M.Visvesvaraya Institute of Technology-Yelahanka, Bengaluru","Mechanical Engineering (4 Years, Bachelor of Technology)",GM,OPEN,Neutral,106568,106568
"Sir M.Visvesvaraya Institute of Technology-Yelahanka, Bengaluru","Robotics & Artificial Intelligence (4 Years, Bachelor of Technology)",GM,OPEN,Neutral,73039,73039
"Sir M.Visvesvaraya Institute of Technology-Yelahanka, Bengaluru","Robotics & Artificial Intelligence (4 Years, Bachelor of Technology)",KKR,OPEN,Neutral,81180,81180
"Smt. Kamala and Sri Venkappa M. Agadi College of Engineering and Technology- Laxmeswar, Gadag","Computer Science & Engineering (4 Years, Bachelor of Technology)",GM,OPEN,Neutral,91192,91192
"Smt. Kamala and Sri Venkappa M. Agadi College of Engineering and Technology- Laxmeswar, Gadag","Computer Science & Engineering (Artificial Intelligence & Machine Learning) (4 Years, Bachelor of Technology)",GM,OPEN,Neutral,85586,85586
"Smt. Kamala and Sri Venkappa M. Agadi College of Engineering and Technology- Laxmeswar, Gadag","Electronics & Comm- unication Engineering (4 Years, Bachelor of Technology)",GM,OPEN,Neutral,96610,96610
"Smt. Kamala and Sri Venkappa M. Agadi College of Engineering and Technology- Laxmeswar, Gadag","Mechanical Engineering (4 Years, Bachelor of Technology)",GM,OPEN,Neutral,23217,23217
"Smt. Kamala and Sri Venkappa M. Agadi College of Engineering and Technology-Laxmeswar, Gadag","Computer Science & Engineering (4 Years, Bachelor of Technology)",GM,OPEN,Neutral,96208,96208
"Smt. Kamala and Sri Venkappa M. Agadi College of Engineering and Technology-Laxmeswar, Gadag","Electronics & Communication Engineering (4 Years, Bachelor of Technology)",GM,OPEN,Neutral,92571,92571
"Sri Jayachamarajendra College of Engineering constituent college of JSS Science and Technology University- Manasagangothri, Mysuru","Computer Science & Engineering (4 Years, Bachelor of Technology)",GM,OPEN,Neutral,5158,5158
"Sri Jayachamarajendra College of Engineering constituent college of JSS Science and Technology University- Manasagangothri, Mysuru","Computer Science & Engineering (4 Years, Bachelor of Technology)",KKR,OPEN,Neutral,12883,12883
"Sri Jayachamarajendra College of Engineering constituent college of JSS Science and Technology University-Manasagangothri, Mysuru","Computer Science & Engineering (4 Years, Bachelor of Technology)",GM,OPEN,Neutral,7156,7156
"Sri Jayachamarajendra College of Engineering constituent college of JSS Science and Technology University-Manasagangothri, Mysuru","Computer Science & Engineering (4 Years, Bachelor of Technology)",KKR,OPEN,Neutral,15540,15540
"Sri Krishna Institute of Technology-Chikkabanavara, Bengaluru","Artificial Intelligence & Machine Learning (4 Years, Bachelor of Technology)",GM,OPEN,Neutral,100975,100975
"Sri Krishna Institute of Technology-Chikkabanavara, Bengaluru","Computer Science & Engineering (4 Years, Bachelor of Technology)",GM,OPEN,Neutral,110595,110595
"Sri Krishna Institute of Technology-Chikkabanavara, Bengaluru","Electronics & Comm- unication Engineering (4 Years, Bachelor of Technology)",GM,OPEN,Neutral,55003,55003
"Sri Krishna Institute of Technology-Chikkabanavara, Bengaluru","Electronics Engineering (VLSI Design & Technology) (4 Years, Bachelor of Technology)",GM,OPEN,Neutral,38011,38011
"Sri Sairam College of Engineering-Anekal, Bengaluru","Artificial Intelligence & Machine Learning (4 Years, Bachelor of Technology)",GM,OPEN,Neutral,100054,100054
"Sri Sairam College of Engineering-Anekal, Bengaluru","Artificial Intelligence & Machine Learning (4 Years, Bachelor of Technology)",KKR,OPEN,Neutral,110453,110453
"Sri Sairam College of Engineering-Anekal, Bengaluru","Computer Science & Engineering (4 Years, Bachelor of Technology)",GM,OPEN,Neutral,110207,110207
"Sri Sairam College of Engineering-Anekal, Bengaluru","Computer Science & Engineering (IOT & Cyber Security Including Block Chain Technology) (4 Years, Bachelor of Technology)",GM,OPEN,Neutral,99579,99579
"Sri Sairam College of Engineering-Anekal, Bengaluru","Electronics & Comm- unication Engineering (4 Years, Bachelor of Technology)",GM,OPEN,Neutral,109678,109678
"Sri Sairam College of Engineering-Anekal, Bengaluru","Mechanical Engineering (4 Years, Bachelor of Technology)",GM,OPEN,Neutral,91576,91576
"Sri Siddhartha School of Engineering-Near Kyathsandra Toll Gate, Tumkur","Artificial Intelligence & Machine Learning (4 Years, Bachelor of Technology)",GM,OPEN,Neutral,108674,108674
"Sri Siddhartha School of Engineering-Near Kyathsandra Toll Gate, Tumkur","Civil Engineering (4 Years, Bachelor of Technology)",GM,OPEN,Neutral,82591,82591
"Sri Siddhartha School of Engineering-Near Kyathsandra Toll Gate, Tumkur","Computer Science & Engineering (4 Years, Bachelor of Technology)",GM,OPEN,Neutral,108674,108674
"Sri Siddhartha School of Engineering-Near Kyathsandra Toll Gate, Tumkur","Cyber Security (4 Years, Bachelor of Technology)",GM,OPEN,Neutral,90914,90914
"Sri Siddhartha School of Engineering-Near Kyathsandra Toll Gate, Tumkur","Data Science (4 Years, Bachelor of Technology)",GM,OPEN,Neutral,71514,71514
"Sri Siddhartha School of Engineering-Near Kyathsandra Toll Gate, Tumkur","Electrical & Electronics Engineering (4 Years, Bachelor of Technology)",GM,OPEN,Neutral,59558,59558
"Sri Siddhartha School of Engineering-Near Kyathsandra Toll Gate, Tumkur","Electronics & Comm- unication Engineering (4 Years, Bachelor of Technology)",GM,OPEN,Neutral,105095,105095
"Sri Siddhartha School of Engineering-Near Kyathsandra Toll Gate, Tumkur","Mechanical Engineering (4 Years, Bachelor of Technology)",GM,OPEN,Neutral,98077,98077
"Sri Taralabalu Jagadguru Institute of Technology-Haveri Dist., Ranebennur","Computer Science & Engineering (4 Years, Bachelor of Technology)",GM,OPEN,Neutral,106944,106944
"Sri Venkateshwara College of Engineering-KIAL Road, Bengaluru","Computer Science & Engineering (4 Years, Bachelor of Technology)",GM,OPEN,Neutral,109058,109058
"Sri Venkateshwara College of Engineering-KIAL Road, Bengaluru","Computer Science & Engineering (4 Years, Bachelor of Technology)",KKR,OPEN,Neutral,68203,68203
"Sri Venkateshwara College of Engineering-KIAL Road, Bengaluru","Computer Science & Engineering (Artificial Intelligence) (4 Years, Bachelor of Technology)",GM,OPEN,Neutral,80920,80920
"Sri Venkateshwara College of Engineering-KIAL Road, Bengaluru","Computer Science & Engineering (Cyber Security) (4 Years, Bachelor of Technology)",GM,OPEN,Neutral,106739,106739
"Sri Venkateshwara College of Engineering-KIAL Road, Bengaluru","Computer Science & Engineering (Data Science) (4 Years, Bachelor of Technology)",GM,OPEN,Neutral,93050,93050
"Sri Venkateshwara College of Engineering-KIAL Road, Bengaluru","Electronics & Comm- unication Engineering (4 Years, Bachelor of Technology)",GM,OPEN,Neutral,111152,111152
"Sri Venkateshwara College of Engineering-KIAL Road, Bengaluru","Electronics & Communication Engineering (4 Years, Bachelor of Technology)",GM,OPEN,Neutral,57892,57892
"Sri Venkateshwara College of Engineering-KIAL Road, Bengaluru","Information Science & Engineering (4 Years, Bachelor of Technology)",GM,OPEN,Neutral,109058,109058
"Srinivas Institute of Technology-Hampankatta, Mangaluru","Aeronautical Engineering (4 Years, Bachelor of Technology)",GM,OPEN,Neutral,57651,57651
"Srinivas Institute of Technology-Hampankatta, Mangaluru","Artificial Intelligence & Data Science (4 Years, Bachelor of Technology)",GM,OPEN,Neutral,92858,92858
"Srinivas Institute of Technology-Hampankatta, Mangaluru","Artificial Intelligence & Machine Learning (4 Years, Bachelor of Technology)",GM,OPEN,Neutral,82632,82632
"Srinivas Institute of Technology-Hampankatta, Mangaluru","Automobile Engineering (4 Years, Bachelor of Technology)",GM,OPEN,Neutral,101737,101737
"Srinivas Institute of Technology-Hampankatta, Mangaluru","Computer Science & Business Systems (4 Years, Bachelor of Technology)",GM,OPEN,Neutral,96827,96827
"Srinivas Institute of Technology-Hampankatta, Mangaluru","Computer Science & Engineering (4 Years, Bachelor of Technology)",GM,OPEN,Neutral,111162,111162
"Srinivas Institute of Technology-Hampankatta, Mangaluru","Marine Engineering (4 Years, Bachelor of Technology)",GM,OPEN,Neutral,104135,104135
"T. John Institute of Technology-Bannerghatta Road, Bengaluru","Artificial Intelligence & Machine Learning (4 Years, Bachelor of Technology)",GM,OPEN,Neutral,109722,109722
"T. John Institute of Technology-Bannerghatta Road, Bengaluru","Computer Science & Engineering (4 Years, Bachelor of Technology)",GM,OPEN,Neutral,109829,109829
"T. John Institute of Technology-Bannerghatta Road, Bengaluru","Computer Science & Engineering (IOT & Cyber Security Including Block Chain Technology) (4 Years, Bachelor of Technology)",GM,OPEN,Neutral,85908,85908
"T. John Institute of Technology-Bannerghatta Road, Bengaluru","Data Science (4 Years, Bachelor of Technology)",GM,OPEN,Neutral,82758,82758
"T. John Institute of Technology-Bannerghatta Road, Bengaluru","Electronics & Comm- unication Engineering (4 Years, Bachelor of Technology)",GM,OPEN,Neutral,76671,76671
"T. John Institute of Technology-Bannerghatta Road, Bengaluru","Information Science & Engineering (4 Years, Bachelor of Technology)",GM,OPEN,Neutral,109829,109829
"The National Institute of Engineering North Campus- Koorgalli, Mysuru","Computer Science & Engineering (4 Years, Bachelor of Technology)",GM,OPEN,Neutral,10182,10182
"The National Institute of Engineering North Campus- Koorgalli, Mysuru","Computer Science & Engineering (4 Years, Bachelor of Technology)",KKR,OPEN,Neutral,18382,18382
"The National Institute of Engineering North Campus- Koorgalli, Mysuru","Computer Science & Engineering (Artificial Intelligence & Machine Learning) (4 Years, Bachelor of Technology)",GM,OPEN,Neutral,12789,12789
"The National Institute of Engineering North Campus- Koorgalli, Mysuru","Computer Science & Engineering (Artificial Intelligence & Machine Learning) (4 Years, Bachelor of Technology)",KKR,OPEN,Neutral,23421,23421
"The National Institute of Engineering North Campus- Koorgalli, Mysuru","Information Science & Engineering (4 Years, Bachelor of Technology)",GM,OPEN,Neutral,18058,18058
"The National Institute of Engineering North Campus- Koorgalli, Mysuru","Information Science & Engineering (4 Years, Bachelor of Technology)",KKR,OPEN,Neutral,30296,30296
"The National Institute of Engineering North Campus-Koorgalli, Mysuru","Computer Science & Engineering (4 Years, Bachelor of Technology)",GM,OPEN,Neutral,24347,24347
"The National Institute of Engineering North Campus-Koorgalli, Mysuru","Computer Science & Engineering (4 Years, Bachelor of Technology)",KKR,OPEN,Neutral,36455,36455
"The National Institute of Engineering North Campus-Koorgalli, Mysuru","Computer Science & Engineering (Artificial Intelligence & Machine Learning) (4 Years, Bachelor of Technology)",GM,OPEN,Neutral,25039,25039
"The National Institute of Engineering North Campus-Koorgalli, Mysuru","Computer Science & Engineering (Artificial Intelligence & Machine Learning) (4 Years, Bachelor of Technology)",KKR,OPEN,Neutral,29334,29334
"The National Institute of Engineering South Campus- Mananthavady Road, Mysuru","Civil Engineering (4 Years, Bachelor of Technology)",GM,OPEN,Neutral,59393,59393
"The National Institute of Engineering South Campus- Mananthavady Road, Mysuru","Electrical & Electronics Engineering (4 Years, Bachelor of Technology)",GM,OPEN,Neutral,57819,57819
"The National Institute of Engineering South Campus- Mananthavady Road, Mysuru","Electrical & Electronics Engineering (4 Years, Bachelor of Technology)",KKR,OPEN,Neutral,87272,87272
"The National Institute of Engineering South Campus- Mananthavady Road, Mysuru","Electronics & Communication Engineering (4 Years, Bachelor of Technology)",GM,OPEN,Neutral,29308,29308
"The National Institute of Engineering South Campus- Mananthavady Road, Mysuru","Electronics & Communication Engineering (4 Years, Bachelor of Technology)",KKR,OPEN,Neutral,32111,32111
"The National Institute of Engineering South Campus- Mananthavady Road, Mysuru","Mechanical Engineering (4 Years, Bachelor of Technology)",GM,OPEN,Neutral,95259,95259
"The National Institute of Engineering South Campus-Mananthavady Road, Mysuru","Electrical & Electronics Engineering (4 Years, Bachelor of Technology)",GM,OPEN,Neutral,37414,37414
"The National Institute of Engineering South Campus-Mananthavady Road, Mysuru","Electrical & Electronics Engineering (4 Years, Bachelor of Technology)",KKR,OPEN,Neutral,81158,81158
"The National Institute of Engineering South Campus-Mananthavady Road, Mysuru","Electronics & Comm- unication Engineering (4 Years, Bachelor of Technology)",GM,OPEN,Neutral,14782,14782
"The National Institute of Engineering South Campus-Mananthavady Road, Mysuru","Electronics & Comm- unication Engineering (4 Years, Bachelor of Technology)",KKR,OPEN,Neutral,31750,31750
"The National Institute of Engineering South Campus-Mananthavady Road, Mysuru","Electronics & Communica- tion Engineering (4 Years, Bachelor of Technology)",GM,OPEN,Neutral,30072,30072
"The National Institute of Engineering South Campus-Mananthavady Road, Mysuru","Electronics & Communicati on Engineering (4 Years, Bachelor of Technology)",GM,OPEN,Neutral,20308,20308
"The National Institute of Engineering South Campus-Mananthavady Road, Mysuru","Electronics & Communication Engineering (4 Years, Bachelor of Technology)",KKR,OPEN,Neutral,39277,39277
"The National Institute of Engineering South Campus-Mananthavady Road, Mysuru","Mechanical Engineering (4 Years, Bachelor of Technology)",GM,OPEN,Neutral,65094,65094
"Tontadarya College of Engineering-Mundaragi Road , Gadag","Artificial Intelligence & Machine Learning (4 Years, Bachelor of Technology)",GM,OPEN,Neutral,95863,95863
"Tontadarya College of Engineering-Mundaragi Road , Gadag","Computer Science & Engineering (4 Years, Bachelor of Technology)",GM,OPEN,Neutral,92530,92530
"Tontadarya College of Engineering-Mundaragi Road , Gadag","Electronics & Comm- unication Engineering (4 Years, Bachelor of Technology)",GM,OPEN,Neutral,66979,66979
"Vemana Institute of Technology-Koramangala, Bengaluru","Artificial Intelligence & Machine Learning (4 Years, Bachelor of Technology)",GM,OPEN,Neutral,110976,110976
"Vemana Institute of Technology-Koramangala, Bengaluru","Computer Science & Engineering (4 Years, Bachelor of Technology)",GM,OPEN,Neutral,109781,109781
"Vemana Institute of Technology-Koramangala, Bengaluru","Computer Science & Engineering (Cyber Security) (4 Years, Bachelor of Technology)",GM,OPEN,Neutral,103211,103211
"Vemana Institute of Technology-Koramangala, Bengaluru","Computer Science & Engineering (Data Science) (4 Years, Bachelor of Technology)",GM,OPEN,Neutral,92682,92682
"Vemana Institute of Technology-Koramangala, Bengaluru","Electronics & Comm- unication Engineering (4 Years, Bachelor of Technology)",GM,OPEN,Neutral,97081,97081
"Vemana Institute of Technology-Koramangala, Bengaluru","Information Science & Engineering (4 Years, Bachelor of Technology)",GM,OPEN,Neutral,101255,101255
"Vemana Institute of Technology-Koramangala, Bengaluru","Mechanical Engineering (4 Years, Bachelor of Technology)",GM,OPEN,Neutral,110985,110985
"Vidya Vikas Institute of Engineering and Technology- Alnahally, Mysuru","Computer Science & Engineering (4 Years, Bachelor of Technology)",KKR,OPEN,Neutral,65978,65978
"Vidya Vikas Institute of Engineering and Technology-Alnahally, Mysuru","Computer Science & Engineering (4 Years, Bachelor of Technology)",GM,OPEN,Neutral,108452,108452
"Vidya Vikas Institute of Engineering and Technology-Alnahally, Mysuru","Computer Science & Engineering (4 Years, Bachelor of Technology)",KKR,OPEN,Neutral,104355,104355
"Vidya Vikas Institute of Engineering and Technology-Alnahally, Mysuru","Information Science & Engineering (4 Years, Bachelor of Technology)",GM,OPEN,Neutral,111279,111279
"Vidyavardhaka College of Engineering-Gokulam, Mysuru","Civil Engineering (4 Years, Bachelor of Technology)",GM,OPEN,Neutral,110523,110523
"Vidyavardhaka College of Engineering-Gokulam, Mysuru","Civil Engineering (4 Years, Bachelor of Technology)",KKR,OPEN,Neutral,80608,80608
"Vidyavardhaka College of Engineering-Gokulam, Mysuru","Computer Science & Engineering (4 Years, Bachelor of Technology)",GM,OPEN,Neutral,106778,106778
"Vidyavardhaka College of Engineering-Gokulam, Mysuru","Computer Science & Engineering (4 Years, Bachelor of Technology)",KKR,OPEN,Neutral,106835,106835
"Vidyavardhaka College of Engineering-Gokulam, Mysuru","Computer Science & Engineering (Artificial Intelligence & Machine Learning) (4 Years, Bachelor of Technology)",GM,OPEN,Neutral,97220,97220
"Vidyavardhaka College of Engineering-Gokulam, Mysuru","Computer Science & Engineering (Artificial Intelligence & Machine Learning) (4 Years, Bachelor of Technology)",KKR,OPEN,Neutral,95881,95881
"Vidyavardhaka College of Engineering-Gokulam, Mysuru","Electrical & Electronics Engineering (4 Years, Bachelor of Technology)",GM,OPEN,Neutral,89391,89391
"Vidyavardhaka College of Engineering-Gokulam, Mysuru","Electronics & Comm- unication Engineering (4 Years, Bachelor of Technology)",GM,OPEN,Neutral,68020,68020
"Vidyavardhaka College of Engineering-Gokulam, Mysuru","Electronics & Comm- unication Engineering (4 Years, Bachelor of Technology)",KKR,OPEN,Neutral,94706,94706
"Vidyavardhaka College of Engineering-Gokulam, Mysuru","Electronics & Communica- tion Engineering (4 Years, Bachelor of Technology)",GM,OPEN,Neutral,109543,109543
"Vidyavardhaka College of Engineering-Gokulam, Mysuru","Electronics & Communicati on Engineering (4 Years, Bachelor of Technology)",GM,OPEN,Neutral,105161,105161
"Vidyavardhaka College of Engineering-Gokulam, Mysuru","Electronics & Communication Engineering (4 Years, Bachelor of Technology)",GM,OPEN,Neutral,77756,77756
"Vidyavardhaka College of Engineering-Gokulam, Mysuru","Information Science & Engineering (4 Years, Bachelor of Technology)",GM,OPEN,Neutral,94717,94717
"Vidyavardhaka College of Engineering-Gokulam, Mysuru","Information Science & Engineering (4 Years, Bachelor of Technology)",KKR,OPEN,Neutral,96259,96259
"Vidyavardhaka College of Engineering-Gokulam, Mysuru","Mechanical Engineering (4 Years, Bachelor of Technology)",GM,OPEN,Neutral,106778,106778
"Vijaya Vittala Institution of Technology-Kothanur, Bengaluru","Artificial Intelligence & Machine Learning (4 Years, Bachelor of Technology)",GM,OPEN,Neutral,111222,111222
"Vijaya Vittala Institution of Technology-Kothanur, Bengaluru","Computer Science & Engineering (4 Years, Bachelor of Technology)",GM,OPEN,Neutral,106154,106154
"Vijaya Vittala Institution of Technology-Kothanur, Bengaluru","Computer Science & Engineering (Artificial Intelligence & Machine Learning) (4 Years, Bachelor of Technology)",GM,OPEN,Neutral,109004,109004
"Vivekananda College of Engineering and Technology- Puttur, Dakshin Kannada","Computer Science & Engineering (Data Science) (4 Years, Bachelor of Technology)",GM,OPEN,Neutral,50274,50274
"Vivekananda College of Engineering and Technology-Puttur, Dakshin Kannada","Artificial Intelligence & Machine Learning (4 Years, Bachelor of Technology)",GM,OPEN,Neutral,108648,108648
"Vivekananda College of Engineering and Technology-Puttur, Dakshin Kannada","Computer Science & Engineering (4 Years, Bachelor of Technology)",GM,OPEN,Neutral,90528,90528
"Vivekananda College of Engineering and Technology-Puttur, Dakshin Kannada","Computer Science & Engineering (Data Science) (4 Years, Bachelor of Technology)",GM,OPEN,Neutral,95733,95733
"Yenepoya Institute of Technology formerly known as Dr. M V Shetty Institute of Technology- Moodbidri, Mangaluru","Artificial Intelligence & Machine Learning (4 Years, Bachelor of Technology)",GM,OPEN,Neutral,89103,89103
"Yenepoya Institute of Technology formerly known as Dr. M V Shetty Institute of Technology-Moodbidri, Mangaluru","Artificial Intelligence & Machine Learning (4 Years, Bachelor of Technology)",GM,OPEN,Neutral,111559,111559
"Yenepoya Institute of Technology formerly known as Dr. M V Shetty Institute of Technology-Moodbidri, Mangaluru","Computer Science & Engineering (4 Years, Bachelor of Technology)",GM,OPEN,Neutral,111733,111733
"Yenepoya Institute of Technology formerly known as Dr. M V Shetty Institute of Technology-Moodbidri, Mangaluru","Computer Science & Engineering (Data Science) (4 Years, Bachelor of Technology)",GM,OPEN,Neutral,76730,76730
"Yenepoya Institute of Technology formerly known as Dr. M V Shetty Institute of Technology-Moodbidri, Mangaluru","Electronics & Comm- unication Engineering (4 Years, Bachelor of Technology)",GM,OPEN,Neutral,74734,74734
